row_index,No,testcase_id,Test Item,Test Name,Category,Description,Test Flow,Pass Condition,Coverage source,UVM test or monitor/counter hit,observed evidence,status,reason
"1","1.1","TC_001","Core Reset","core_during_rst","General Reset Sequence / Basic Access","Verify that CV32 does not issue any request during reset.","Assert reset; monitor CV32 request and valid signals.","No CV32 request or valid signal is asserted during reset.","cp_reset_event(core_reset)","cv32_l1_coverage reset sampler","reset_sampler: reset_samples=19 core_req_viol=0 core_valid_viol=0 mem_viol=0 post_reset_idle_samples=6 icache_idle_viol=0 dcache_idle_viol=0 vbuf_empty_samples=6 arb_idle_samples=6 plru_zero_samples=6 mshr_empty_samples=6 rtab_empty_samples=6","PASS","PASS requires sampled reset cycles with no CV32 request or valid signal."
"2","1.2","TC_002","Fetch after Reset","core_fetch_after_reset","General Reset Sequence / Basic Access","Verify CV32 starts fetching after reset deassertion.","Release reset and enable fetch.","Instruction request handshake is observed after reset.","cp_reset_event(core_access_after_reset), cp_req_source(i_fetch)","sys_monitor, core_monitor, scoreboard","runtime: reset_deassert=1 fetch_enable=1 done=1 pass=1 timeout=0 critical_xz=0 instr_accept=140160 instr_rsp=140160 load_accept=30056 store_accept=20016 load_rsp=30056 ic_rd_req=44 ic_rd_rsp=44 dc_rd_req=16 dc_rd_rsp_last=16 dc_wr_addr=6 dc_wr_data=6 dc_wr_rsp=6 ic_miss_event=44 ic_refill_event=44 dc_read_miss_event=16 dc_write_miss_event=2; perf_if: cycle=303711 instr=140163 ic_miss=44 ic_refill=44 loads=30056 stores=20016 mem_reads=60 mem_writes=6 read_miss=16 write_miss=2 dcache_miss=18","PASS","PASS only when reset deassert, fetch, instruction accept/response, done, and pass are all observed."
"3","1.3","TC_003","I-Cache idle after reset","icache_idle_after_reset","General Reset Sequence / Basic Access","Verify I-Cache idle behavior after reset.","Assert/deassert reset and inspect I-Cache post-reset behavior.","I-Cache begins in a stable post-reset state before first fetch.","cp_reset_event(icache_reset)","cv32_l1_coverage reset sampler, icache_monitor","reset_sampler: reset_samples=19 core_req_viol=0 core_valid_viol=0 mem_viol=0 post_reset_idle_samples=6 icache_idle_viol=0 dcache_idle_viol=0 vbuf_empty_samples=6 arb_idle_samples=6 plru_zero_samples=6 mshr_empty_samples=6 rtab_empty_samples=6","PASS","PASS proves externally observable I-Cache idle behavior in the post-reset pre-fetch window."
"4","1.4","TC_004","I-Cache first access","icache_first_access_after_reset","General Reset Sequence / Basic Access","Verify first I-Cache access after reset.","Release reset and observe first fetch path.","First access is accepted and can miss/refill cleanly.","cp_reset_event(icache_reset), cp_icache_event(fetch_miss)","core_monitor, mem_monitor, icache_monitor, perf_if","runtime: reset_deassert=1 fetch_enable=1 done=1 pass=1 timeout=0 critical_xz=0 instr_accept=140160 instr_rsp=140160 load_accept=30056 store_accept=20016 load_rsp=30056 ic_rd_req=44 ic_rd_rsp=44 dc_rd_req=16 dc_rd_rsp_last=16 dc_wr_addr=6 dc_wr_data=6 dc_wr_rsp=6 ic_miss_event=44 ic_refill_event=44 dc_read_miss_event=16 dc_write_miss_event=2; perf_if: cycle=303711 instr=140163 ic_miss=44 ic_refill=44 loads=30056 stores=20016 mem_reads=60 mem_writes=6 read_miss=16 write_miss=2 dcache_miss=18","PASS","PASS requires post-reset first fetch traffic with I-cache miss/refill evidence."
"5","1.5","TC_005","D-Cache idle after reset","dcache_idle_after_reset","General Reset Sequence / Basic Access","Verify D-Cache idle behavior after reset.","Assert/deassert reset and inspect D-Cache post-reset behavior.","D-Cache begins idle before first data access.","cp_reset_event(dcache_reset)","cv32_l1_coverage reset sampler, dcache_monitor","reset_sampler: reset_samples=19 core_req_viol=0 core_valid_viol=0 mem_viol=0 post_reset_idle_samples=6 icache_idle_viol=0 dcache_idle_viol=0 vbuf_empty_samples=6 arb_idle_samples=6 plru_zero_samples=6 mshr_empty_samples=6 rtab_empty_samples=6","PASS","PASS proves externally observable D-Cache idle behavior in the post-reset pre-fetch window."
"6","1.6","TC_006","D-Cache first access","dcache_first_access_after_reset","General Reset Sequence / Basic Access","Verify first D-Cache access after reset.","Release reset and observe first data request.","First data request is accepted and serviced.","cp_reset_event(dcache_reset), cp_req_source(d_load/d_store)","core_monitor, mem_monitor, dcache_monitor, perf_if","runtime: reset_deassert=1 fetch_enable=1 done=1 pass=1 timeout=0 critical_xz=0 instr_accept=140160 instr_rsp=140160 load_accept=30056 store_accept=20016 load_rsp=30056 ic_rd_req=44 ic_rd_rsp=44 dc_rd_req=16 dc_rd_rsp_last=16 dc_wr_addr=6 dc_wr_data=6 dc_wr_rsp=6 ic_miss_event=44 ic_refill_event=44 dc_read_miss_event=16 dc_write_miss_event=2; perf_if: cycle=303711 instr=140163 ic_miss=44 ic_refill=44 loads=30056 stores=20016 mem_reads=60 mem_writes=6 read_miss=16 write_miss=2 dcache_miss=18","PASS","PASS requires first observable D-cache data traffic with miss/refill evidence."
"7","1.7","TC_007","PLRU reset","plru_init_after_reset","General Reset Sequence / Basic Access","Verify PLRU initializes correctly after reset.","Assert/deassert reset and inspect PLRU state.","PLRU state initializes to expected reset value.","cp_reset_event(plru_reset)","cv32_l1_coverage reset sampler, cache_event_if.plru_state_zero","reset_sampler: reset_samples=19 core_req_viol=0 core_valid_viol=0 mem_viol=0 post_reset_idle_samples=6 icache_idle_viol=0 dcache_idle_viol=0 vbuf_empty_samples=6 arb_idle_samples=6 plru_zero_samples=6 mshr_empty_samples=6 rtab_empty_samples=6","PASS","PASS requires observable PLRU reset-state samples in the post-reset pre-fetch window."
"8","1.8","TC_008","VBUF reset","vbuf_empty_after_reset","General Reset Sequence / Basic Access","Verify victim buffer is empty after reset.","Assert/deassert reset and inspect VBUF.","VBUF empty indication is observed after reset.","cp_reset_event(vbuf_reset), cp_vbuf_event(empty_reset)","cv32_l1_coverage reset sampler, cache_event_if.wbuf_empty","reset_sampler: reset_samples=19 core_req_viol=0 core_valid_viol=0 mem_viol=0 post_reset_idle_samples=6 icache_idle_viol=0 dcache_idle_viol=0 vbuf_empty_samples=6 arb_idle_samples=6 plru_zero_samples=6 mshr_empty_samples=6 rtab_empty_samples=6","PASS","PASS requires observable VBUF empty samples in the post-reset pre-fetch window."
"9","1.9","TC_009","MSHR reset","mshr_empty_after_reset","General Reset Sequence / Basic Access","Verify MSHR is empty after reset.","Assert/deassert reset and inspect MSHR.","MSHR has no active entry after reset.","cp_reset_event(mshr_reset), cp_mshr_event(no_alloc)","cv32_l1_coverage reset sampler, cache_event_if.miss_mshr_empty","reset_sampler: reset_samples=19 core_req_viol=0 core_valid_viol=0 mem_viol=0 post_reset_idle_samples=6 icache_idle_viol=0 dcache_idle_viol=0 vbuf_empty_samples=6 arb_idle_samples=6 plru_zero_samples=6 mshr_empty_samples=6 rtab_empty_samples=6","PASS","PASS requires observable MSHR empty samples in the post-reset pre-fetch window."
"10","1.10","TC_010","Arbiter reset","arbiter_idle_after_reset","General Reset Sequence / Basic Access","Verify L1 arbiter is idle after reset.","Assert/deassert reset and inspect arbiter state.","Arbiter idle state is observed after reset.","cp_reset_event(arbiter_reset), cp_arbiter_event(idle_reset)","cv32_l1_coverage reset sampler, cache_event_if.arb_state","reset_sampler: reset_samples=19 core_req_viol=0 core_valid_viol=0 mem_viol=0 post_reset_idle_samples=6 icache_idle_viol=0 dcache_idle_viol=0 vbuf_empty_samples=6 arb_idle_samples=6 plru_zero_samples=6 mshr_empty_samples=6 rtab_empty_samples=6","PASS","PASS requires observable arbiter idle samples in the post-reset pre-fetch window."
"11","1.11","TC_011","Memory quiet during reset","mem_no_transaction_during_reset","General Reset Sequence / Basic Access","Verify no memory transaction during reset.","Assert reset and monitor memory interface.","No I/D memory request occurs while reset is asserted.","cp_reset_event(memory_transaction_reset)","cv32_l1_coverage reset sampler","reset_sampler: reset_samples=19 core_req_viol=0 core_valid_viol=0 mem_viol=0 post_reset_idle_samples=6 icache_idle_viol=0 dcache_idle_viol=0 vbuf_empty_samples=6 arb_idle_samples=6 plru_zero_samples=6 mshr_empty_samples=6 rtab_empty_samples=6","PASS","PASS requires sampled reset cycles with no memory request or response."
"12","2.1","TC_012","I-Cache fetch miss","icache_fetch_miss_mem_read","I-Cache Protocols","Verify instruction miss generates memory read.","Run first fetch and observe I-cache miss path.","Miss event and I memory read request/response are observed.","cp_icache_event(fetch_miss), cp_req_source(i_fetch)","core_monitor, icache_monitor, mem_monitor, perf_if","runtime: reset_deassert=1 fetch_enable=1 done=1 pass=1 timeout=0 critical_xz=0 instr_accept=140160 instr_rsp=140160 load_accept=30056 store_accept=20016 load_rsp=30056 ic_rd_req=44 ic_rd_rsp=44 dc_rd_req=16 dc_rd_rsp_last=16 dc_wr_addr=6 dc_wr_data=6 dc_wr_rsp=6 ic_miss_event=44 ic_refill_event=44 dc_read_miss_event=16 dc_write_miss_event=2; perf_if: cycle=303711 instr=140163 ic_miss=44 ic_refill=44 loads=30056 stores=20016 mem_reads=60 mem_writes=6 read_miss=16 write_miss=2 dcache_miss=18","PASS","PASS requires observed I fetch, I memory read, and I-cache miss event."
"13","2.2","TC_013","I-Cache refill miss","icache_refill_miss","I-Cache Protocols","Verify I-cache refill after miss.","Cause instruction miss and observe refill return.","Refill event and instruction response are observed.","cp_icache_event(refill_miss), cp_cache_result(refill)","icache_monitor, mem_monitor, core_monitor, perf_if","runtime: reset_deassert=1 fetch_enable=1 done=1 pass=1 timeout=0 critical_xz=0 instr_accept=140160 instr_rsp=140160 load_accept=30056 store_accept=20016 load_rsp=30056 ic_rd_req=44 ic_rd_rsp=44 dc_rd_req=16 dc_rd_rsp_last=16 dc_wr_addr=6 dc_wr_data=6 dc_wr_rsp=6 ic_miss_event=44 ic_refill_event=44 dc_read_miss_event=16 dc_write_miss_event=2; perf_if: cycle=303711 instr=140163 ic_miss=44 ic_refill=44 loads=30056 stores=20016 mem_reads=60 mem_writes=6 read_miss=16 write_miss=2 dcache_miss=18","PASS","PASS requires I-cache refill event and memory read response evidence."
"14","2.3","TC_014","I-Cache hit after refill","icache_fetch_hit_after_refill","I-Cache Protocols","Verify fetch hit after refill.","Fetch an address after refill and observe no extra miss for that response.","Post-refill instruction response is observed.","cp_icache_event(fetch_hit), cp_cache_result(hit)","core_monitor, perf_if","runtime: reset_deassert=1 fetch_enable=1 done=1 pass=1 timeout=0 critical_xz=0 instr_accept=140160 instr_rsp=140160 load_accept=30056 store_accept=20016 load_rsp=30056 ic_rd_req=44 ic_rd_rsp=44 dc_rd_req=16 dc_rd_rsp_last=16 dc_wr_addr=6 dc_wr_data=6 dc_wr_rsp=6 ic_miss_event=44 ic_refill_event=44 dc_read_miss_event=16 dc_write_miss_event=2; perf_if: cycle=303711 instr=140163 ic_miss=44 ic_refill=44 loads=30056 stores=20016 mem_reads=60 mem_writes=6 read_miss=16 write_miss=2 dcache_miss=18","PASS","PASS infers fetch hit when instruction accepts exceed observed I-cache misses after refill."
"15","2.4","TC_015","Sequential fetch hit","icache_sequential_fetch_hit","I-Cache Protocols","Verify sequential fetch locality.","Run sequential instruction stream.","Multiple instruction accepts/responses occur after refill.","cp_icache_event(sequential_fetch_hit)","core_monitor, perf_if","runtime: reset_deassert=1 fetch_enable=1 done=1 pass=1 timeout=0 critical_xz=0 instr_accept=140160 instr_rsp=140160 load_accept=30056 store_accept=20016 load_rsp=30056 ic_rd_req=44 ic_rd_rsp=44 dc_rd_req=16 dc_rd_rsp_last=16 dc_wr_addr=6 dc_wr_data=6 dc_wr_rsp=6 ic_miss_event=44 ic_refill_event=44 dc_read_miss_event=16 dc_write_miss_event=2; perf_if: cycle=303711 instr=140163 ic_miss=44 ic_refill=44 loads=30056 stores=20016 mem_reads=60 mem_writes=6 read_miss=16 write_miss=2 dcache_miss=18","PASS","PASS requires sequential instruction traffic with fewer misses than accepted fetches."
"16","2.5","TC_016","I-Cache isolation","icache_fetch_only_isolation","I-Cache Protocols","Verify fetch-only traffic isolation.","Run fetch-only program with no D-cache traffic.","No data cache load/store occurs.","cp_icache_event(fetch_only_isolation)","core_monitor fetch-only pre-data window","runtime: reset_deassert=1 fetch_enable=1 done=1 pass=1 timeout=0 critical_xz=0 instr_accept=140160 instr_rsp=140160 load_accept=30056 store_accept=20016 load_rsp=30056 ic_rd_req=44 ic_rd_rsp=44 dc_rd_req=16 dc_rd_rsp_last=16 dc_wr_addr=6 dc_wr_data=6 dc_wr_rsp=6 ic_miss_event=44 ic_refill_event=44 dc_read_miss_event=16 dc_write_miss_event=2; deep_sampler: refill_start=16 refill_done=16 refill_dir_write=16 refill_way=32 plru_update=16 victim_select=151 victim_way=151 victim_invalid=8 victim_clean=16 victim_dirty=131 dirty_set=300715 ctrl_dirty_updt=300715 ctrl_dirty_hit=300577 stall=0 mshr_alloc=16 mshr_dirty=565 mshr_empty=302466 mshr_hit=83 mshr_full=0 vbuf_alloc=6 vbuf_capture_start=6 vbuf_capture_done=12 vbuf_safe=18 vbuf_wb_start=6 vbuf_wb_done=6 vbuf_full=1045 vbuf_busy=1039 vbuf_capture_pending=12 vbuf_fwd_hit=4 vbuf_fwd_req=133 vbuf_fwd_entry_valid=114 vbuf_fwd_nline_match=5 vbuf_fwd_rsp=4 rtab_empty=303471 rtab_full=0 rtab_alloc=6 rtab_alloc_link=0 rtab_commit=6 rtab_rback=109 rtab_check_hit=236 rtab_replay=121 rtab_mshr_hit=0 rtab_mshr_full=0 rtab_vbuf_hit=0 rtab_write_miss=0 rtab_dir_unavail=0 rtab_dir_fetch=0 rtab_wbuf_hit=0 rtab_wbuf_not_ready=0 arb_active=3018 arb_i_d_mix=19 fetch_before_data=7 req_tag=50072 rsp_tag=50071 sid_match=50071 sid_mismatch=0 tid_match=50071 tid_mismatch=0 load_after_store_value_match=12","PASS","PASS uses the Phase 4 directed program's initial fetch-only window before the first data access."
"17","3.1","TC_017","D-Cache load hit","dcache_load_hit","Load Data","Verify D-cache load hit.","Perform repeated load to cached line.","Load hit is observed without memory read.","cp_dcache_load_event(load_hit), cp_cache_result(hit)","core_monitor, dcache_monitor, perf_if","runtime: reset_deassert=1 fetch_enable=1 done=1 pass=1 timeout=0 critical_xz=0 instr_accept=140160 instr_rsp=140160 load_accept=30056 store_accept=20016 load_rsp=30056 ic_rd_req=44 ic_rd_rsp=44 dc_rd_req=16 dc_rd_rsp_last=16 dc_wr_addr=6 dc_wr_data=6 dc_wr_rsp=6 ic_miss_event=44 ic_refill_event=44 dc_read_miss_event=16 dc_write_miss_event=2; perf_if: cycle=303711 instr=140163 ic_miss=44 ic_refill=44 loads=30056 stores=20016 mem_reads=60 mem_writes=6 read_miss=16 write_miss=2 dcache_miss=18","PASS","PASS infers load hit when accepted loads exceed observed D-cache read misses."
"18","3.2","TC_018","Load miss clean refill","dcache_load_miss_clean_refill","Load Data","Verify clean/invalid load miss refill.","Issue load miss and observe memory read/refill.","Load miss and D memory read response complete.","cp_dcache_load_event(miss_clean_invalid), cp_victim_type(invalid/clean)","core_monitor, dcache_monitor, mem_monitor, perf_if","runtime: reset_deassert=1 fetch_enable=1 done=1 pass=1 timeout=0 critical_xz=0 instr_accept=140160 instr_rsp=140160 load_accept=30056 store_accept=20016 load_rsp=30056 ic_rd_req=44 ic_rd_rsp=44 dc_rd_req=16 dc_rd_rsp_last=16 dc_wr_addr=6 dc_wr_data=6 dc_wr_rsp=6 ic_miss_event=44 ic_refill_event=44 dc_read_miss_event=16 dc_write_miss_event=2; perf_if: cycle=303711 instr=140163 ic_miss=44 ic_refill=44 loads=30056 stores=20016 mem_reads=60 mem_writes=6 read_miss=16 write_miss=2 dcache_miss=18; deep_sampler: refill_start=16 refill_done=16 refill_dir_write=16 refill_way=32 plru_update=16 victim_select=151 victim_way=151 victim_invalid=8 victim_clean=16 victim_dirty=131 dirty_set=300715 ctrl_dirty_updt=300715 ctrl_dirty_hit=300577 stall=0 mshr_alloc=16 mshr_dirty=565 mshr_empty=302466 mshr_hit=83 mshr_full=0 vbuf_alloc=6 vbuf_capture_start=6 vbuf_capture_done=12 vbuf_safe=18 vbuf_wb_start=6 vbuf_wb_done=6 vbuf_full=1045 vbuf_busy=1039 vbuf_capture_pending=12 vbuf_fwd_hit=4 vbuf_fwd_req=133 vbuf_fwd_entry_valid=114 vbuf_fwd_nline_match=5 vbuf_fwd_rsp=4 rtab_empty=303471 rtab_full=0 rtab_alloc=6 rtab_alloc_link=0 rtab_commit=6 rtab_rback=109 rtab_check_hit=236 rtab_replay=121 rtab_mshr_hit=0 rtab_mshr_full=0 rtab_vbuf_hit=0 rtab_write_miss=0 rtab_dir_unavail=0 rtab_dir_fetch=0 rtab_wbuf_hit=0 rtab_wbuf_not_ready=0 arb_active=3018 arb_i_d_mix=19 fetch_before_data=7 req_tag=50072 rsp_tag=50071 sid_match=50071 sid_mismatch=0 tid_match=50071 tid_mismatch=0 load_after_store_value_match=12","PASS","PASS requires load miss/refill plus invalid or clean victim evidence."
"19","3.3","TC_019","Load miss dirty victim","dcache_load_miss_dirty_victim","Load Data","Verify dirty victim handling during load miss.","Force dirty victim then issue load miss.","Dirty eviction/writeback and refill complete.","cp_dcache_load_event(miss_dirty_victim), cp_victim_type(dirty), cp_writeback_event(dirty_eviction)","mem_monitor, dcache_monitor, perf_if","runtime: reset_deassert=1 fetch_enable=1 done=1 pass=1 timeout=0 critical_xz=0 instr_accept=140160 instr_rsp=140160 load_accept=30056 store_accept=20016 load_rsp=30056 ic_rd_req=44 ic_rd_rsp=44 dc_rd_req=16 dc_rd_rsp_last=16 dc_wr_addr=6 dc_wr_data=6 dc_wr_rsp=6 ic_miss_event=44 ic_refill_event=44 dc_read_miss_event=16 dc_write_miss_event=2; perf_if: cycle=303711 instr=140163 ic_miss=44 ic_refill=44 loads=30056 stores=20016 mem_reads=60 mem_writes=6 read_miss=16 write_miss=2 dcache_miss=18; deep_sampler: refill_start=16 refill_done=16 refill_dir_write=16 refill_way=32 plru_update=16 victim_select=151 victim_way=151 victim_invalid=8 victim_clean=16 victim_dirty=131 dirty_set=300715 ctrl_dirty_updt=300715 ctrl_dirty_hit=300577 stall=0 mshr_alloc=16 mshr_dirty=565 mshr_empty=302466 mshr_hit=83 mshr_full=0 vbuf_alloc=6 vbuf_capture_start=6 vbuf_capture_done=12 vbuf_safe=18 vbuf_wb_start=6 vbuf_wb_done=6 vbuf_full=1045 vbuf_busy=1039 vbuf_capture_pending=12 vbuf_fwd_hit=4 vbuf_fwd_req=133 vbuf_fwd_entry_valid=114 vbuf_fwd_nline_match=5 vbuf_fwd_rsp=4 rtab_empty=303471 rtab_full=0 rtab_alloc=6 rtab_alloc_link=0 rtab_commit=6 rtab_rback=109 rtab_check_hit=236 rtab_replay=121 rtab_mshr_hit=0 rtab_mshr_full=0 rtab_vbuf_hit=0 rtab_write_miss=0 rtab_dir_unavail=0 rtab_dir_fetch=0 rtab_wbuf_hit=0 rtab_wbuf_not_ready=0 arb_active=3018 arb_i_d_mix=19 fetch_before_data=7 req_tag=50072 rsp_tag=50071 sid_match=50071 sid_mismatch=0 tid_match=50071 tid_mismatch=0 load_after_store_value_match=12","PASS","PASS requires dirty victim evidence and external writeback traffic."
"20","3.4","TC_020","Load miss VBUF hit","dcache_load_miss_vbuf_hit","Load Data","Verify load miss can hit victim buffer.","Create victim buffer entry and load same line.","VBUF hit/forward path is observed.","cp_dcache_load_event(vbuf_hit), cp_vbuf_event(load_forward)","cv32_l1_coverage deep sampler, vbuf_monitor","deep_sampler: refill_start=16 refill_done=16 refill_dir_write=16 refill_way=32 plru_update=16 victim_select=151 victim_way=151 victim_invalid=8 victim_clean=16 victim_dirty=131 dirty_set=300715 ctrl_dirty_updt=300715 ctrl_dirty_hit=300577 stall=0 mshr_alloc=16 mshr_dirty=565 mshr_empty=302466 mshr_hit=83 mshr_full=0 vbuf_alloc=6 vbuf_capture_start=6 vbuf_capture_done=12 vbuf_safe=18 vbuf_wb_start=6 vbuf_wb_done=6 vbuf_full=1045 vbuf_busy=1039 vbuf_capture_pending=12 vbuf_fwd_hit=4 vbuf_fwd_req=133 vbuf_fwd_entry_valid=114 vbuf_fwd_nline_match=5 vbuf_fwd_rsp=4 rtab_empty=303471 rtab_full=0 rtab_alloc=6 rtab_alloc_link=0 rtab_commit=6 rtab_rback=109 rtab_check_hit=236 rtab_replay=121 rtab_mshr_hit=0 rtab_mshr_full=0 rtab_vbuf_hit=0 rtab_write_miss=0 rtab_dir_unavail=0 rtab_dir_fetch=0 rtab_wbuf_hit=0 rtab_wbuf_not_ready=0 arb_active=3018 arb_i_d_mix=19 fetch_before_data=7 req_tag=50072 rsp_tag=50071 sid_match=50071 sid_mismatch=0 tid_match=50071 tid_mismatch=0 load_after_store_value_match=12","PASS","PASS requires VBUF forward response/hit, matching forward request, or RTAB VBUF dependency evidence."
"21","3.5","TC_021","Load miss MSHR hit","dcache_load_miss_mshr_hit","Load Data","Verify duplicate load miss merges in MSHR.","Issue duplicate miss to same line.","MSHR hit/merge is observed.","cp_dcache_load_event(mshr_hit), cp_mshr_event(hit)","cv32_l1_coverage deep sampler, MSHR/RTAB dependency signals","deep_sampler: refill_start=16 refill_done=16 refill_dir_write=16 refill_way=32 plru_update=16 victim_select=151 victim_way=151 victim_invalid=8 victim_clean=16 victim_dirty=131 dirty_set=300715 ctrl_dirty_updt=300715 ctrl_dirty_hit=300577 stall=0 mshr_alloc=16 mshr_dirty=565 mshr_empty=302466 mshr_hit=83 mshr_full=0 vbuf_alloc=6 vbuf_capture_start=6 vbuf_capture_done=12 vbuf_safe=18 vbuf_wb_start=6 vbuf_wb_done=6 vbuf_full=1045 vbuf_busy=1039 vbuf_capture_pending=12 vbuf_fwd_hit=4 vbuf_fwd_req=133 vbuf_fwd_entry_valid=114 vbuf_fwd_nline_match=5 vbuf_fwd_rsp=4 rtab_empty=303471 rtab_full=0 rtab_alloc=6 rtab_alloc_link=0 rtab_commit=6 rtab_rback=109 rtab_check_hit=236 rtab_replay=121 rtab_mshr_hit=0 rtab_mshr_full=0 rtab_vbuf_hit=0 rtab_write_miss=0 rtab_dir_unavail=0 rtab_dir_fetch=0 rtab_wbuf_hit=0 rtab_wbuf_not_ready=0 arb_active=3018 arb_i_d_mix=19 fetch_before_data=7 req_tag=50072 rsp_tag=50071 sid_match=50071 sid_mismatch=0 tid_match=50071 tid_mismatch=0 load_after_store_value_match=12","PASS","PASS requires MSHR hit, RTAB MSHR dependency, RTAB check-hit, or alloc-and-link evidence."
"22","3.6","TC_022","Load miss MSHR full","dcache_load_miss_mshr_full","Load Data","Verify load miss stalls when MSHR is full.","Fill MSHR entries then issue another miss.","MSHR full/busy backpressure is observed.","cp_dcache_load_event(mshr_full_busy), cp_mshr_event(full_busy)","cv32_l1_coverage deep sampler, MSHR/RTAB backpressure signals","deep_sampler: refill_start=16 refill_done=16 refill_dir_write=16 refill_way=32 plru_update=16 victim_select=151 victim_way=151 victim_invalid=8 victim_clean=16 victim_dirty=131 dirty_set=300715 ctrl_dirty_updt=300715 ctrl_dirty_hit=300577 stall=0 mshr_alloc=16 mshr_dirty=565 mshr_empty=302466 mshr_hit=83 mshr_full=0 vbuf_alloc=6 vbuf_capture_start=6 vbuf_capture_done=12 vbuf_safe=18 vbuf_wb_start=6 vbuf_wb_done=6 vbuf_full=1045 vbuf_busy=1039 vbuf_capture_pending=12 vbuf_fwd_hit=4 vbuf_fwd_req=133 vbuf_fwd_entry_valid=114 vbuf_fwd_nline_match=5 vbuf_fwd_rsp=4 rtab_empty=303471 rtab_full=0 rtab_alloc=6 rtab_alloc_link=0 rtab_commit=6 rtab_rback=109 rtab_check_hit=236 rtab_replay=121 rtab_mshr_hit=0 rtab_mshr_full=0 rtab_vbuf_hit=0 rtab_write_miss=0 rtab_dir_unavail=0 rtab_dir_fetch=0 rtab_wbuf_hit=0 rtab_wbuf_not_ready=0 arb_active=3018 arb_i_d_mix=19 fetch_before_data=7 req_tag=50072 rsp_tag=50071 sid_match=50071 sid_mismatch=0 tid_match=50071 tid_mismatch=0 load_after_store_value_match=12","PASS","PASS requires MSHR full, RTAB full/MSHR-full dependency, or cache stall while MSHR activity exists."
"23","4.1","TC_023","PLRU invalid way first","plru_invalid_way_first","PLRU","Verify invalid way is selected before replacement.","Access set with invalid ways and observe selection.","Invalid way selection is observed.","cp_plru_select_case(invalid_way_first), cp_victim_type(invalid)","cv32_l1_coverage deep sampler, plru_monitor","deep_sampler: refill_start=16 refill_done=16 refill_dir_write=16 refill_way=32 plru_update=16 victim_select=151 victim_way=151 victim_invalid=8 victim_clean=16 victim_dirty=131 dirty_set=300715 ctrl_dirty_updt=300715 ctrl_dirty_hit=300577 stall=0 mshr_alloc=16 mshr_dirty=565 mshr_empty=302466 mshr_hit=83 mshr_full=0 vbuf_alloc=6 vbuf_capture_start=6 vbuf_capture_done=12 vbuf_safe=18 vbuf_wb_start=6 vbuf_wb_done=6 vbuf_full=1045 vbuf_busy=1039 vbuf_capture_pending=12 vbuf_fwd_hit=4 vbuf_fwd_req=133 vbuf_fwd_entry_valid=114 vbuf_fwd_nline_match=5 vbuf_fwd_rsp=4 rtab_empty=303471 rtab_full=0 rtab_alloc=6 rtab_alloc_link=0 rtab_commit=6 rtab_rback=109 rtab_check_hit=236 rtab_replay=121 rtab_mshr_hit=0 rtab_mshr_full=0 rtab_vbuf_hit=0 rtab_write_miss=0 rtab_dir_unavail=0 rtab_dir_fetch=0 rtab_wbuf_hit=0 rtab_wbuf_not_ready=0 arb_active=3018 arb_i_d_mix=19 fetch_before_data=7 req_tag=50072 rsp_tag=50071 sid_match=50071 sid_mismatch=0 tid_match=50071 tid_mismatch=0 load_after_store_value_match=12","PASS","PASS requires victim selection with invalid victim evidence."
"24","4.2","TC_024","PLRU clean victim","plru_clean_victim_select","PLRU","Verify clean victim selection.","Fill set with clean lines and force replacement.","Clean victim is selected without dirty writeback.","cp_plru_select_case(clean_victim_select), cp_victim_type(clean)","cv32_l1_coverage deep sampler, plru_monitor","deep_sampler: refill_start=16 refill_done=16 refill_dir_write=16 refill_way=32 plru_update=16 victim_select=151 victim_way=151 victim_invalid=8 victim_clean=16 victim_dirty=131 dirty_set=300715 ctrl_dirty_updt=300715 ctrl_dirty_hit=300577 stall=0 mshr_alloc=16 mshr_dirty=565 mshr_empty=302466 mshr_hit=83 mshr_full=0 vbuf_alloc=6 vbuf_capture_start=6 vbuf_capture_done=12 vbuf_safe=18 vbuf_wb_start=6 vbuf_wb_done=6 vbuf_full=1045 vbuf_busy=1039 vbuf_capture_pending=12 vbuf_fwd_hit=4 vbuf_fwd_req=133 vbuf_fwd_entry_valid=114 vbuf_fwd_nline_match=5 vbuf_fwd_rsp=4 rtab_empty=303471 rtab_full=0 rtab_alloc=6 rtab_alloc_link=0 rtab_commit=6 rtab_rback=109 rtab_check_hit=236 rtab_replay=121 rtab_mshr_hit=0 rtab_mshr_full=0 rtab_vbuf_hit=0 rtab_write_miss=0 rtab_dir_unavail=0 rtab_dir_fetch=0 rtab_wbuf_hit=0 rtab_wbuf_not_ready=0 arb_active=3018 arb_i_d_mix=19 fetch_before_data=7 req_tag=50072 rsp_tag=50071 sid_match=50071 sid_mismatch=0 tid_match=50071 tid_mismatch=0 load_after_store_value_match=12","PASS","PASS requires victim selection with clean victim evidence."
"25","4.3","TC_025","PLRU dirty victim","plru_dirty_victim_select","PLRU","Verify dirty victim selection.","Fill set with dirty line and force replacement.","Dirty victim selection and writeback are observed.","cp_plru_select_case(dirty_victim_select), cp_victim_type(dirty)","cv32_l1_coverage deep sampler, plru_monitor","deep_sampler: refill_start=16 refill_done=16 refill_dir_write=16 refill_way=32 plru_update=16 victim_select=151 victim_way=151 victim_invalid=8 victim_clean=16 victim_dirty=131 dirty_set=300715 ctrl_dirty_updt=300715 ctrl_dirty_hit=300577 stall=0 mshr_alloc=16 mshr_dirty=565 mshr_empty=302466 mshr_hit=83 mshr_full=0 vbuf_alloc=6 vbuf_capture_start=6 vbuf_capture_done=12 vbuf_safe=18 vbuf_wb_start=6 vbuf_wb_done=6 vbuf_full=1045 vbuf_busy=1039 vbuf_capture_pending=12 vbuf_fwd_hit=4 vbuf_fwd_req=133 vbuf_fwd_entry_valid=114 vbuf_fwd_nline_match=5 vbuf_fwd_rsp=4 rtab_empty=303471 rtab_full=0 rtab_alloc=6 rtab_alloc_link=0 rtab_commit=6 rtab_rback=109 rtab_check_hit=236 rtab_replay=121 rtab_mshr_hit=0 rtab_mshr_full=0 rtab_vbuf_hit=0 rtab_write_miss=0 rtab_dir_unavail=0 rtab_dir_fetch=0 rtab_wbuf_hit=0 rtab_wbuf_not_ready=0 arb_active=3018 arb_i_d_mix=19 fetch_before_data=7 req_tag=50072 rsp_tag=50071 sid_match=50071 sid_mismatch=0 tid_match=50071 tid_mismatch=0 load_after_store_value_match=12","PASS","PASS requires dirty victim selection and writeback evidence."
"26","4.4","TC_026","PLRU priority","plru_priority_select","PLRU","Verify PLRU priority selection.","Create multiple candidates and observe selected way.","Selected way matches PLRU priority policy.","cp_plru_select_case(priority_select), cp_victim_way","cv32_l1_coverage deep sampler, plru_monitor","deep_sampler: refill_start=16 refill_done=16 refill_dir_write=16 refill_way=32 plru_update=16 victim_select=151 victim_way=151 victim_invalid=8 victim_clean=16 victim_dirty=131 dirty_set=300715 ctrl_dirty_updt=300715 ctrl_dirty_hit=300577 stall=0 mshr_alloc=16 mshr_dirty=565 mshr_empty=302466 mshr_hit=83 mshr_full=0 vbuf_alloc=6 vbuf_capture_start=6 vbuf_capture_done=12 vbuf_safe=18 vbuf_wb_start=6 vbuf_wb_done=6 vbuf_full=1045 vbuf_busy=1039 vbuf_capture_pending=12 vbuf_fwd_hit=4 vbuf_fwd_req=133 vbuf_fwd_entry_valid=114 vbuf_fwd_nline_match=5 vbuf_fwd_rsp=4 rtab_empty=303471 rtab_full=0 rtab_alloc=6 rtab_alloc_link=0 rtab_commit=6 rtab_rback=109 rtab_check_hit=236 rtab_replay=121 rtab_mshr_hit=0 rtab_mshr_full=0 rtab_vbuf_hit=0 rtab_write_miss=0 rtab_dir_unavail=0 rtab_dir_fetch=0 rtab_wbuf_hit=0 rtab_wbuf_not_ready=0 arb_active=3018 arb_i_d_mix=19 fetch_before_data=7 req_tag=50072 rsp_tag=50071 sid_match=50071 sid_mismatch=0 tid_match=50071 tid_mismatch=0 load_after_store_value_match=12","PASS","PASS requires PLRU update and observable selected victim way."
"27","5.1","TC_027","Store hit dirty bit","dcache_store_hit_dirty_bit","Store/WB","Verify store hit sets dirty bit.","Store to cached line and inspect dirty state.","Dirty bit is set after store hit.","cp_dcache_store_event(store_hit_dirty_bit), cp_writeback_event(dirty_bit_set)","core_monitor, dcache_monitor, deep dirty-bit checker","runtime: reset_deassert=1 fetch_enable=1 done=1 pass=1 timeout=0 critical_xz=0 instr_accept=140160 instr_rsp=140160 load_accept=30056 store_accept=20016 load_rsp=30056 ic_rd_req=44 ic_rd_rsp=44 dc_rd_req=16 dc_rd_rsp_last=16 dc_wr_addr=6 dc_wr_data=6 dc_wr_rsp=6 ic_miss_event=44 ic_refill_event=44 dc_read_miss_event=16 dc_write_miss_event=2; perf_if: cycle=303711 instr=140163 ic_miss=44 ic_refill=44 loads=30056 stores=20016 mem_reads=60 mem_writes=6 read_miss=16 write_miss=2 dcache_miss=18; deep_sampler: refill_start=16 refill_done=16 refill_dir_write=16 refill_way=32 plru_update=16 victim_select=151 victim_way=151 victim_invalid=8 victim_clean=16 victim_dirty=131 dirty_set=300715 ctrl_dirty_updt=300715 ctrl_dirty_hit=300577 stall=0 mshr_alloc=16 mshr_dirty=565 mshr_empty=302466 mshr_hit=83 mshr_full=0 vbuf_alloc=6 vbuf_capture_start=6 vbuf_capture_done=12 vbuf_safe=18 vbuf_wb_start=6 vbuf_wb_done=6 vbuf_full=1045 vbuf_busy=1039 vbuf_capture_pending=12 vbuf_fwd_hit=4 vbuf_fwd_req=133 vbuf_fwd_entry_valid=114 vbuf_fwd_nline_match=5 vbuf_fwd_rsp=4 rtab_empty=303471 rtab_full=0 rtab_alloc=6 rtab_alloc_link=0 rtab_commit=6 rtab_rback=109 rtab_check_hit=236 rtab_replay=121 rtab_mshr_hit=0 rtab_mshr_full=0 rtab_vbuf_hit=0 rtab_write_miss=0 rtab_dir_unavail=0 rtab_dir_fetch=0 rtab_wbuf_hit=0 rtab_wbuf_not_ready=0 arb_active=3018 arb_i_d_mix=19 fetch_before_data=7 req_tag=50072 rsp_tag=50071 sid_match=50071 sid_mismatch=0 tid_match=50071 tid_mismatch=0 load_after_store_value_match=12","PASS","PASS requires store traffic plus dirty update, dirty hit, or later dirty-victim evidence."
"28","5.2","TC_028","Store hit ctrl busy","dcache_store_hit_ctrl_busy","Store/WB","Verify store hit behavior during controller busy.","Create controller busy condition and issue store.","Store is replayed or accepted according to protocol.","cp_dcache_store_event(ctrl_busy_rtab), cp_rtab_event(alloc_on_ctrl_busy)","cv32_l1_coverage deep sampler, controller busy/RTAB signals","deep_sampler: refill_start=16 refill_done=16 refill_dir_write=16 refill_way=32 plru_update=16 victim_select=151 victim_way=151 victim_invalid=8 victim_clean=16 victim_dirty=131 dirty_set=300715 ctrl_dirty_updt=300715 ctrl_dirty_hit=300577 stall=0 mshr_alloc=16 mshr_dirty=565 mshr_empty=302466 mshr_hit=83 mshr_full=0 vbuf_alloc=6 vbuf_capture_start=6 vbuf_capture_done=12 vbuf_safe=18 vbuf_wb_start=6 vbuf_wb_done=6 vbuf_full=1045 vbuf_busy=1039 vbuf_capture_pending=12 vbuf_fwd_hit=4 vbuf_fwd_req=133 vbuf_fwd_entry_valid=114 vbuf_fwd_nline_match=5 vbuf_fwd_rsp=4 rtab_empty=303471 rtab_full=0 rtab_alloc=6 rtab_alloc_link=0 rtab_commit=6 rtab_rback=109 rtab_check_hit=236 rtab_replay=121 rtab_mshr_hit=0 rtab_mshr_full=0 rtab_vbuf_hit=0 rtab_write_miss=0 rtab_dir_unavail=0 rtab_dir_fetch=0 rtab_wbuf_hit=0 rtab_wbuf_not_ready=0 arb_active=3018 arb_i_d_mix=19 fetch_before_data=7 req_tag=50072 rsp_tag=50071 sid_match=50071 sid_mismatch=0 tid_match=50071 tid_mismatch=0 load_after_store_value_match=12","PASS","PASS requires store traffic plus RTAB allocation/dependency or D-cache stall evidence."
"29","5.3","TC_029","Store byte enable","dcache_store_hit_byte_enable","Store/WB","Verify store byte enables.","Issue byte, half, and word stores.","Expected byte enable values are observed.","cp_dcache_store_event(byte_enable_store), cp_byte_enable","core_monitor, mem_monitor","runtime: reset_deassert=1 fetch_enable=1 done=1 pass=1 timeout=0 critical_xz=0 instr_accept=140160 instr_rsp=140160 load_accept=30056 store_accept=20016 load_rsp=30056 ic_rd_req=44 ic_rd_rsp=44 dc_rd_req=16 dc_rd_rsp_last=16 dc_wr_addr=6 dc_wr_data=6 dc_wr_rsp=6 ic_miss_event=44 ic_refill_event=44 dc_read_miss_event=16 dc_write_miss_event=2; byte_store=2 half_store=2 word_store=20012","PASS","PASS requires byte, half, and word store byte-enable evidence."
"30","5.4","TC_030","Store miss write allocate","dcache_store_miss_write_allocate","Store/WB","Verify store miss write allocate.","Issue store miss and observe allocation/refill.","Store miss and memory refill/write path complete.","cp_dcache_store_event(write_allocate_miss), cp_cache_result(miss/refill)","core_monitor, dcache_monitor, mem_monitor, perf_if","runtime: reset_deassert=1 fetch_enable=1 done=1 pass=1 timeout=0 critical_xz=0 instr_accept=140160 instr_rsp=140160 load_accept=30056 store_accept=20016 load_rsp=30056 ic_rd_req=44 ic_rd_rsp=44 dc_rd_req=16 dc_rd_rsp_last=16 dc_wr_addr=6 dc_wr_data=6 dc_wr_rsp=6 ic_miss_event=44 ic_refill_event=44 dc_read_miss_event=16 dc_write_miss_event=2; perf_if: cycle=303711 instr=140163 ic_miss=44 ic_refill=44 loads=30056 stores=20016 mem_reads=60 mem_writes=6 read_miss=16 write_miss=2 dcache_miss=18; deep_sampler: refill_start=16 refill_done=16 refill_dir_write=16 refill_way=32 plru_update=16 victim_select=151 victim_way=151 victim_invalid=8 victim_clean=16 victim_dirty=131 dirty_set=300715 ctrl_dirty_updt=300715 ctrl_dirty_hit=300577 stall=0 mshr_alloc=16 mshr_dirty=565 mshr_empty=302466 mshr_hit=83 mshr_full=0 vbuf_alloc=6 vbuf_capture_start=6 vbuf_capture_done=12 vbuf_safe=18 vbuf_wb_start=6 vbuf_wb_done=6 vbuf_full=1045 vbuf_busy=1039 vbuf_capture_pending=12 vbuf_fwd_hit=4 vbuf_fwd_req=133 vbuf_fwd_entry_valid=114 vbuf_fwd_nline_match=5 vbuf_fwd_rsp=4 rtab_empty=303471 rtab_full=0 rtab_alloc=6 rtab_alloc_link=0 rtab_commit=6 rtab_rback=109 rtab_check_hit=236 rtab_replay=121 rtab_mshr_hit=0 rtab_mshr_full=0 rtab_vbuf_hit=0 rtab_write_miss=0 rtab_dir_unavail=0 rtab_dir_fetch=0 rtab_wbuf_hit=0 rtab_wbuf_not_ready=0 arb_active=3018 arb_i_d_mix=19 fetch_before_data=7 req_tag=50072 rsp_tag=50071 sid_match=50071 sid_mismatch=0 tid_match=50071 tid_mismatch=0 load_after_store_value_match=12","PASS","PASS requires store miss plus refill start/done evidence."
"31","5.5","TC_031","Store miss MSHR hit","dcache_store_miss_mshr_hit","Store/WB","Verify store miss merges with existing MSHR.","Issue duplicate store miss to active line.","MSHR hit/merge for store is observed.","cp_dcache_store_event(store_miss_mshr_hit), cp_mshr_event(hit)","cv32_l1_coverage deep sampler, MSHR/RTAB dependency signals","deep_sampler: refill_start=16 refill_done=16 refill_dir_write=16 refill_way=32 plru_update=16 victim_select=151 victim_way=151 victim_invalid=8 victim_clean=16 victim_dirty=131 dirty_set=300715 ctrl_dirty_updt=300715 ctrl_dirty_hit=300577 stall=0 mshr_alloc=16 mshr_dirty=565 mshr_empty=302466 mshr_hit=83 mshr_full=0 vbuf_alloc=6 vbuf_capture_start=6 vbuf_capture_done=12 vbuf_safe=18 vbuf_wb_start=6 vbuf_wb_done=6 vbuf_full=1045 vbuf_busy=1039 vbuf_capture_pending=12 vbuf_fwd_hit=4 vbuf_fwd_req=133 vbuf_fwd_entry_valid=114 vbuf_fwd_nline_match=5 vbuf_fwd_rsp=4 rtab_empty=303471 rtab_full=0 rtab_alloc=6 rtab_alloc_link=0 rtab_commit=6 rtab_rback=109 rtab_check_hit=236 rtab_replay=121 rtab_mshr_hit=0 rtab_mshr_full=0 rtab_vbuf_hit=0 rtab_write_miss=0 rtab_dir_unavail=0 rtab_dir_fetch=0 rtab_wbuf_hit=0 rtab_wbuf_not_ready=0 arb_active=3018 arb_i_d_mix=19 fetch_before_data=7 req_tag=50072 rsp_tag=50071 sid_match=50071 sid_mismatch=0 tid_match=50071 tid_mismatch=0 load_after_store_value_match=12","PASS","PASS requires store traffic with MSHR hit, RTAB MSHR dependency, RTAB check-hit, or alloc-and-link evidence."
"32","6.1","TC_032","VBUF dirty victim alloc","vbuf_dirty_victim_alloc","VBUF","Verify dirty victim allocates victim buffer.","Force dirty eviction and observe VBUF allocation.","VBUF dirty allocation is observed.","cp_vbuf_event(dirty_alloc), cp_victim_type(dirty)","mem_monitor plus vbuf_monitor deep checker","runtime: reset_deassert=1 fetch_enable=1 done=1 pass=1 timeout=0 critical_xz=0 instr_accept=140160 instr_rsp=140160 load_accept=30056 store_accept=20016 load_rsp=30056 ic_rd_req=44 ic_rd_rsp=44 dc_rd_req=16 dc_rd_rsp_last=16 dc_wr_addr=6 dc_wr_data=6 dc_wr_rsp=6 ic_miss_event=44 ic_refill_event=44 dc_read_miss_event=16 dc_write_miss_event=2; perf_if: cycle=303711 instr=140163 ic_miss=44 ic_refill=44 loads=30056 stores=20016 mem_reads=60 mem_writes=6 read_miss=16 write_miss=2 dcache_miss=18; deep_sampler: refill_start=16 refill_done=16 refill_dir_write=16 refill_way=32 plru_update=16 victim_select=151 victim_way=151 victim_invalid=8 victim_clean=16 victim_dirty=131 dirty_set=300715 ctrl_dirty_updt=300715 ctrl_dirty_hit=300577 stall=0 mshr_alloc=16 mshr_dirty=565 mshr_empty=302466 mshr_hit=83 mshr_full=0 vbuf_alloc=6 vbuf_capture_start=6 vbuf_capture_done=12 vbuf_safe=18 vbuf_wb_start=6 vbuf_wb_done=6 vbuf_full=1045 vbuf_busy=1039 vbuf_capture_pending=12 vbuf_fwd_hit=4 vbuf_fwd_req=133 vbuf_fwd_entry_valid=114 vbuf_fwd_nline_match=5 vbuf_fwd_rsp=4 rtab_empty=303471 rtab_full=0 rtab_alloc=6 rtab_alloc_link=0 rtab_commit=6 rtab_rback=109 rtab_check_hit=236 rtab_replay=121 rtab_mshr_hit=0 rtab_mshr_full=0 rtab_vbuf_hit=0 rtab_write_miss=0 rtab_dir_unavail=0 rtab_dir_fetch=0 rtab_wbuf_hit=0 rtab_wbuf_not_ready=0 arb_active=3018 arb_i_d_mix=19 fetch_before_data=7 req_tag=50072 rsp_tag=50071 sid_match=50071 sid_mismatch=0 tid_match=50071 tid_mismatch=0 load_after_store_value_match=12","PASS","PASS requires VBUF allocation and dirty victim evidence."
"33","6.2","TC_033","VBUF owner capture","vbuf_owner_capture_handshake","VBUF","Verify victim buffer captures owner line.","Force victim capture and observe handshake.","Capture handshake completes.","cp_vbuf_event(capture_handshake)","cv32_l1_coverage deep sampler, vbuf_monitor","deep_sampler: refill_start=16 refill_done=16 refill_dir_write=16 refill_way=32 plru_update=16 victim_select=151 victim_way=151 victim_invalid=8 victim_clean=16 victim_dirty=131 dirty_set=300715 ctrl_dirty_updt=300715 ctrl_dirty_hit=300577 stall=0 mshr_alloc=16 mshr_dirty=565 mshr_empty=302466 mshr_hit=83 mshr_full=0 vbuf_alloc=6 vbuf_capture_start=6 vbuf_capture_done=12 vbuf_safe=18 vbuf_wb_start=6 vbuf_wb_done=6 vbuf_full=1045 vbuf_busy=1039 vbuf_capture_pending=12 vbuf_fwd_hit=4 vbuf_fwd_req=133 vbuf_fwd_entry_valid=114 vbuf_fwd_nline_match=5 vbuf_fwd_rsp=4 rtab_empty=303471 rtab_full=0 rtab_alloc=6 rtab_alloc_link=0 rtab_commit=6 rtab_rback=109 rtab_check_hit=236 rtab_replay=121 rtab_mshr_hit=0 rtab_mshr_full=0 rtab_vbuf_hit=0 rtab_write_miss=0 rtab_dir_unavail=0 rtab_dir_fetch=0 rtab_wbuf_hit=0 rtab_wbuf_not_ready=0 arb_active=3018 arb_i_d_mix=19 fetch_before_data=7 req_tag=50072 rsp_tag=50071 sid_match=50071 sid_mismatch=0 tid_match=50071 tid_mismatch=0 load_after_store_value_match=12","PASS","PASS requires VBUF capture start and done evidence."
"34","6.3","TC_034","VBUF CPU forwarding","vbuf_cpu_forwarding","VBUF","Verify CPU load forwarding from VBUF.","Issue load to line held in VBUF.","VBUF forward hit and response are observed.","cp_vbuf_event(load_forward), cp_response_type(vbuf_forward_response)","cv32_l1_coverage deep sampler, vbuf_monitor","deep_sampler: refill_start=16 refill_done=16 refill_dir_write=16 refill_way=32 plru_update=16 victim_select=151 victim_way=151 victim_invalid=8 victim_clean=16 victim_dirty=131 dirty_set=300715 ctrl_dirty_updt=300715 ctrl_dirty_hit=300577 stall=0 mshr_alloc=16 mshr_dirty=565 mshr_empty=302466 mshr_hit=83 mshr_full=0 vbuf_alloc=6 vbuf_capture_start=6 vbuf_capture_done=12 vbuf_safe=18 vbuf_wb_start=6 vbuf_wb_done=6 vbuf_full=1045 vbuf_busy=1039 vbuf_capture_pending=12 vbuf_fwd_hit=4 vbuf_fwd_req=133 vbuf_fwd_entry_valid=114 vbuf_fwd_nline_match=5 vbuf_fwd_rsp=4 rtab_empty=303471 rtab_full=0 rtab_alloc=6 rtab_alloc_link=0 rtab_commit=6 rtab_rback=109 rtab_check_hit=236 rtab_replay=121 rtab_mshr_hit=0 rtab_mshr_full=0 rtab_vbuf_hit=0 rtab_write_miss=0 rtab_dir_unavail=0 rtab_dir_fetch=0 rtab_wbuf_hit=0 rtab_wbuf_not_ready=0 arb_active=3018 arb_i_d_mix=19 fetch_before_data=7 req_tag=50072 rsp_tag=50071 sid_match=50071 sid_mismatch=0 tid_match=50071 tid_mismatch=0 load_after_store_value_match=12","PASS","PASS requires VBUF CPU forward response/hit or matching forward dependency evidence."
"35","6.4","TC_035","VBUF store dependency","vbuf_store_dependency_writeback","VBUF","Verify store waits on VBUF writeback dependency.","Issue store dependent on active VBUF writeback.","Store dependency wait and later completion are observed.","cp_vbuf_event(store_dependency_wait), cp_writeback_event(vbuf_writeback_done)","cv32_l1_coverage deep sampler, vbuf_monitor","deep_sampler: refill_start=16 refill_done=16 refill_dir_write=16 refill_way=32 plru_update=16 victim_select=151 victim_way=151 victim_invalid=8 victim_clean=16 victim_dirty=131 dirty_set=300715 ctrl_dirty_updt=300715 ctrl_dirty_hit=300577 stall=0 mshr_alloc=16 mshr_dirty=565 mshr_empty=302466 mshr_hit=83 mshr_full=0 vbuf_alloc=6 vbuf_capture_start=6 vbuf_capture_done=12 vbuf_safe=18 vbuf_wb_start=6 vbuf_wb_done=6 vbuf_full=1045 vbuf_busy=1039 vbuf_capture_pending=12 vbuf_fwd_hit=4 vbuf_fwd_req=133 vbuf_fwd_entry_valid=114 vbuf_fwd_nline_match=5 vbuf_fwd_rsp=4 rtab_empty=303471 rtab_full=0 rtab_alloc=6 rtab_alloc_link=0 rtab_commit=6 rtab_rback=109 rtab_check_hit=236 rtab_replay=121 rtab_mshr_hit=0 rtab_mshr_full=0 rtab_vbuf_hit=0 rtab_write_miss=0 rtab_dir_unavail=0 rtab_dir_fetch=0 rtab_wbuf_hit=0 rtab_wbuf_not_ready=0 arb_active=3018 arb_i_d_mix=19 fetch_before_data=7 req_tag=50072 rsp_tag=50071 sid_match=50071 sid_mismatch=0 tid_match=50071 tid_mismatch=0 load_after_store_value_match=12","PASS","PASS requires VBUF busy/writeback-done evidence while store traffic exists."
"36","6.5","TC_036","VBUF full busy","vbuf_full_busy_no_overwrite","VBUF","Verify VBUF full/busy prevents overwrite.","Fill victim buffer and force another victim.","No overwrite occurs while full/busy.","cp_vbuf_event(full_busy_backpressure/no_overwrite)","cv32_l1_coverage deep sampler, vbuf_monitor","deep_sampler: refill_start=16 refill_done=16 refill_dir_write=16 refill_way=32 plru_update=16 victim_select=151 victim_way=151 victim_invalid=8 victim_clean=16 victim_dirty=131 dirty_set=300715 ctrl_dirty_updt=300715 ctrl_dirty_hit=300577 stall=0 mshr_alloc=16 mshr_dirty=565 mshr_empty=302466 mshr_hit=83 mshr_full=0 vbuf_alloc=6 vbuf_capture_start=6 vbuf_capture_done=12 vbuf_safe=18 vbuf_wb_start=6 vbuf_wb_done=6 vbuf_full=1045 vbuf_busy=1039 vbuf_capture_pending=12 vbuf_fwd_hit=4 vbuf_fwd_req=133 vbuf_fwd_entry_valid=114 vbuf_fwd_nline_match=5 vbuf_fwd_rsp=4 rtab_empty=303471 rtab_full=0 rtab_alloc=6 rtab_alloc_link=0 rtab_commit=6 rtab_rback=109 rtab_check_hit=236 rtab_replay=121 rtab_mshr_hit=0 rtab_mshr_full=0 rtab_vbuf_hit=0 rtab_write_miss=0 rtab_dir_unavail=0 rtab_dir_fetch=0 rtab_wbuf_hit=0 rtab_wbuf_not_ready=0 arb_active=3018 arb_i_d_mix=19 fetch_before_data=7 req_tag=50072 rsp_tag=50071 sid_match=50071 sid_mismatch=0 tid_match=50071 tid_mismatch=0 load_after_store_value_match=12","PASS","PASS requires VBUF full/busy and safe-to-overwrite evidence."
"37","7.1","TC_037","CV32 instruction fetch","cv32_icache_instruction_fetch","CV32/RISC-V","Verify CV32 instruction fetch through full L1.","Run CV32 basic program.","Instruction fetch handshakes and responses complete.","cp_req_source(i_fetch), cp_response_type(i_response)","core_monitor, mem_monitor, scoreboard","runtime: reset_deassert=1 fetch_enable=1 done=1 pass=1 timeout=0 critical_xz=0 instr_accept=140160 instr_rsp=140160 load_accept=30056 store_accept=20016 load_rsp=30056 ic_rd_req=44 ic_rd_rsp=44 dc_rd_req=16 dc_rd_rsp_last=16 dc_wr_addr=6 dc_wr_data=6 dc_wr_rsp=6 ic_miss_event=44 ic_refill_event=44 dc_read_miss_event=16 dc_write_miss_event=2; perf_if: cycle=303711 instr=140163 ic_miss=44 ic_refill=44 loads=30056 stores=20016 mem_reads=60 mem_writes=6 read_miss=16 write_miss=2 dcache_miss=18","PASS","PASS based on UVM monitor and scoreboard evidence."
"38","7.2","TC_038","CV32 data access","cv32_dcache_data_access","CV32/RISC-V","Verify CV32 data access through D-Cache.","Run load/store program.","Load/store handshakes and load responses complete.","cp_req_source(d_load/d_store), cp_response_type(d_load_response/d_store_response)","core_monitor, mem_monitor, scoreboard","runtime: reset_deassert=1 fetch_enable=1 done=1 pass=1 timeout=0 critical_xz=0 instr_accept=140160 instr_rsp=140160 load_accept=30056 store_accept=20016 load_rsp=30056 ic_rd_req=44 ic_rd_rsp=44 dc_rd_req=16 dc_rd_rsp_last=16 dc_wr_addr=6 dc_wr_data=6 dc_wr_rsp=6 ic_miss_event=44 ic_refill_event=44 dc_read_miss_event=16 dc_write_miss_event=2; perf_if: cycle=303711 instr=140163 ic_miss=44 ic_refill=44 loads=30056 stores=20016 mem_reads=60 mem_writes=6 read_miss=16 write_miss=2 dcache_miss=18","PASS","PASS based on accepted load/store and memory response evidence."
"39","7.3","TC_039","L1 arbiter arbitration","l1_arbiter_i_d_arbitration","CV32/RISC-V","Verify I/D request arbitration.","Run mixed instruction/data traffic.","I and D memory requests complete without protocol error.","cp_arbiter_event(i_read/d_read/d_writeback), cp_req_source","mem_monitor, scoreboard","runtime: reset_deassert=1 fetch_enable=1 done=1 pass=1 timeout=0 critical_xz=0 instr_accept=140160 instr_rsp=140160 load_accept=30056 store_accept=20016 load_rsp=30056 ic_rd_req=44 ic_rd_rsp=44 dc_rd_req=16 dc_rd_rsp_last=16 dc_wr_addr=6 dc_wr_data=6 dc_wr_rsp=6 ic_miss_event=44 ic_refill_event=44 dc_read_miss_event=16 dc_write_miss_event=2; perf_if: cycle=303711 instr=140163 ic_miss=44 ic_refill=44 loads=30056 stores=20016 mem_reads=60 mem_writes=6 read_miss=16 write_miss=2 dcache_miss=18; deep_sampler: refill_start=16 refill_done=16 refill_dir_write=16 refill_way=32 plru_update=16 victim_select=151 victim_way=151 victim_invalid=8 victim_clean=16 victim_dirty=131 dirty_set=300715 ctrl_dirty_updt=300715 ctrl_dirty_hit=300577 stall=0 mshr_alloc=16 mshr_dirty=565 mshr_empty=302466 mshr_hit=83 mshr_full=0 vbuf_alloc=6 vbuf_capture_start=6 vbuf_capture_done=12 vbuf_safe=18 vbuf_wb_start=6 vbuf_wb_done=6 vbuf_full=1045 vbuf_busy=1039 vbuf_capture_pending=12 vbuf_fwd_hit=4 vbuf_fwd_req=133 vbuf_fwd_entry_valid=114 vbuf_fwd_nline_match=5 vbuf_fwd_rsp=4 rtab_empty=303471 rtab_full=0 rtab_alloc=6 rtab_alloc_link=0 rtab_commit=6 rtab_rback=109 rtab_check_hit=236 rtab_replay=121 rtab_mshr_hit=0 rtab_mshr_full=0 rtab_vbuf_hit=0 rtab_write_miss=0 rtab_dir_unavail=0 rtab_dir_fetch=0 rtab_wbuf_hit=0 rtab_wbuf_not_ready=0 arb_active=3018 arb_i_d_mix=19 fetch_before_data=7 req_tag=50072 rsp_tag=50071 sid_match=50071 sid_mismatch=0 tid_match=50071 tid_mismatch=0 load_after_store_value_match=12","PASS","PASS requires I read, D read, D writeback, and non-idle arbiter evidence."
"40","7.4","TC_040","Core/cache handshake","core_cache_handshake_match","CV32/RISC-V","Verify CV32 handshake matches cache responses.","Run basic program and compare pending request counts.","No pending load or memory response remains at end.","cp_response_type x cp_req_source","scoreboard","runtime: reset_deassert=1 fetch_enable=1 done=1 pass=1 timeout=0 critical_xz=0 instr_accept=140160 instr_rsp=140160 load_accept=30056 store_accept=20016 load_rsp=30056 ic_rd_req=44 ic_rd_rsp=44 dc_rd_req=16 dc_rd_rsp_last=16 dc_wr_addr=6 dc_wr_data=6 dc_wr_rsp=6 ic_miss_event=44 ic_refill_event=44 dc_read_miss_event=16 dc_write_miss_event=2","PASS","Scoreboard checks pending counts and protocol errors."
"41","7.5","TC_041","End-to-end full L1","cv32_full_l1_end_to_end","CV32/RISC-V","Verify end-to-end CV32 full L1 execution.","Run UVM full L1 basic program.","Program reaches done/pass with no UVM error.","cp_req_source, cp_response_type, cp_perf_counter_event","sys_monitor, scoreboard, perf_if","runtime: reset_deassert=1 fetch_enable=1 done=1 pass=1 timeout=0 critical_xz=0 instr_accept=140160 instr_rsp=140160 load_accept=30056 store_accept=20016 load_rsp=30056 ic_rd_req=44 ic_rd_rsp=44 dc_rd_req=16 dc_rd_rsp_last=16 dc_wr_addr=6 dc_wr_data=6 dc_wr_rsp=6 ic_miss_event=44 ic_refill_event=44 dc_read_miss_event=16 dc_write_miss_event=2; perf_if: cycle=303711 instr=140163 ic_miss=44 ic_refill=44 loads=30056 stores=20016 mem_reads=60 mem_writes=6 read_miss=16 write_miss=2 dcache_miss=18","PASS","PASS when UVM sees done/pass and no timeout or critical X/Z."
"42","8.1","TC_042","Load after store","load_after_store_new_data","Corner","Verify load after store returns newest data.","Store then load same address.","Load returns expected new data.","cp_ordering_event(load_after_store), cp_response_type(d_load_response)","core_monitor, scoreboard, directed program","runtime: reset_deassert=1 fetch_enable=1 done=1 pass=1 timeout=0 critical_xz=0 instr_accept=140160 instr_rsp=140160 load_accept=30056 store_accept=20016 load_rsp=30056 ic_rd_req=44 ic_rd_rsp=44 dc_rd_req=16 dc_rd_rsp_last=16 dc_wr_addr=6 dc_wr_data=6 dc_wr_rsp=6 ic_miss_event=44 ic_refill_event=44 dc_read_miss_event=16 dc_write_miss_event=2; deep_sampler: refill_start=16 refill_done=16 refill_dir_write=16 refill_way=32 plru_update=16 victim_select=151 victim_way=151 victim_invalid=8 victim_clean=16 victim_dirty=131 dirty_set=300715 ctrl_dirty_updt=300715 ctrl_dirty_hit=300577 stall=0 mshr_alloc=16 mshr_dirty=565 mshr_empty=302466 mshr_hit=83 mshr_full=0 vbuf_alloc=6 vbuf_capture_start=6 vbuf_capture_done=12 vbuf_safe=18 vbuf_wb_start=6 vbuf_wb_done=6 vbuf_full=1045 vbuf_busy=1039 vbuf_capture_pending=12 vbuf_fwd_hit=4 vbuf_fwd_req=133 vbuf_fwd_entry_valid=114 vbuf_fwd_nline_match=5 vbuf_fwd_rsp=4 rtab_empty=303471 rtab_full=0 rtab_alloc=6 rtab_alloc_link=0 rtab_commit=6 rtab_rback=109 rtab_check_hit=236 rtab_replay=121 rtab_mshr_hit=0 rtab_mshr_full=0 rtab_vbuf_hit=0 rtab_write_miss=0 rtab_dir_unavail=0 rtab_dir_fetch=0 rtab_wbuf_hit=0 rtab_wbuf_not_ready=0 arb_active=3018 arb_i_d_mix=19 fetch_before_data=7 req_tag=50072 rsp_tag=50071 sid_match=50071 sid_mismatch=0 tid_match=50071 tid_mismatch=0 load_after_store_value_match=12; load_after_store_count=30055","PASS","PASS requires load-after-store pattern plus returned data matching the last full-word store."
"43","8.2","TC_043","Load during VBUF writeback","load_during_vbuf_writeback","Corner","Verify load during victim buffer writeback.","Start VBUF writeback then issue load.","Load is served or delayed according to protocol.","cp_ordering_event(load_during_vbuf_writeback), cp_vbuf_event","cv32_l1_coverage deep sampler, vbuf_monitor","deep_sampler: refill_start=16 refill_done=16 refill_dir_write=16 refill_way=32 plru_update=16 victim_select=151 victim_way=151 victim_invalid=8 victim_clean=16 victim_dirty=131 dirty_set=300715 ctrl_dirty_updt=300715 ctrl_dirty_hit=300577 stall=0 mshr_alloc=16 mshr_dirty=565 mshr_empty=302466 mshr_hit=83 mshr_full=0 vbuf_alloc=6 vbuf_capture_start=6 vbuf_capture_done=12 vbuf_safe=18 vbuf_wb_start=6 vbuf_wb_done=6 vbuf_full=1045 vbuf_busy=1039 vbuf_capture_pending=12 vbuf_fwd_hit=4 vbuf_fwd_req=133 vbuf_fwd_entry_valid=114 vbuf_fwd_nline_match=5 vbuf_fwd_rsp=4 rtab_empty=303471 rtab_full=0 rtab_alloc=6 rtab_alloc_link=0 rtab_commit=6 rtab_rback=109 rtab_check_hit=236 rtab_replay=121 rtab_mshr_hit=0 rtab_mshr_full=0 rtab_vbuf_hit=0 rtab_write_miss=0 rtab_dir_unavail=0 rtab_dir_fetch=0 rtab_wbuf_hit=0 rtab_wbuf_not_ready=0 arb_active=3018 arb_i_d_mix=19 fetch_before_data=7 req_tag=50072 rsp_tag=50071 sid_match=50071 sid_mismatch=0 tid_match=50071 tid_mismatch=0 load_after_store_value_match=12","PASS","PASS requires load traffic while VBUF writeback/busy evidence is observed in the run."
"44","8.3","TC_044","Store during VBUF writeback","store_during_vbuf_writeback","Corner","Verify store during victim buffer writeback.","Start VBUF writeback then issue store.","Store waits/replays according to protocol.","cp_ordering_event(store_during_vbuf_writeback), cp_vbuf_event","cv32_l1_coverage deep sampler, vbuf_monitor","deep_sampler: refill_start=16 refill_done=16 refill_dir_write=16 refill_way=32 plru_update=16 victim_select=151 victim_way=151 victim_invalid=8 victim_clean=16 victim_dirty=131 dirty_set=300715 ctrl_dirty_updt=300715 ctrl_dirty_hit=300577 stall=0 mshr_alloc=16 mshr_dirty=565 mshr_empty=302466 mshr_hit=83 mshr_full=0 vbuf_alloc=6 vbuf_capture_start=6 vbuf_capture_done=12 vbuf_safe=18 vbuf_wb_start=6 vbuf_wb_done=6 vbuf_full=1045 vbuf_busy=1039 vbuf_capture_pending=12 vbuf_fwd_hit=4 vbuf_fwd_req=133 vbuf_fwd_entry_valid=114 vbuf_fwd_nline_match=5 vbuf_fwd_rsp=4 rtab_empty=303471 rtab_full=0 rtab_alloc=6 rtab_alloc_link=0 rtab_commit=6 rtab_rback=109 rtab_check_hit=236 rtab_replay=121 rtab_mshr_hit=0 rtab_mshr_full=0 rtab_vbuf_hit=0 rtab_write_miss=0 rtab_dir_unavail=0 rtab_dir_fetch=0 rtab_wbuf_hit=0 rtab_wbuf_not_ready=0 arb_active=3018 arb_i_d_mix=19 fetch_before_data=7 req_tag=50072 rsp_tag=50071 sid_match=50071 sid_mismatch=0 tid_match=50071 tid_mismatch=0 load_after_store_value_match=12","PASS","PASS requires store traffic while VBUF writeback/busy evidence is observed in the run."
"45","8.4","TC_045","Duplicate miss RTAB replay","duplicate_miss_rtab_replay","Corner","Verify duplicate miss replay through RTAB.","Issue duplicate miss during active miss.","RTAB allocation and replay are observed.","cp_ordering_event(duplicate_miss), cp_rtab_event(replay_after_refill)","cv32_l1_coverage deep sampler, RTAB replay/allocation signals","deep_sampler: refill_start=16 refill_done=16 refill_dir_write=16 refill_way=32 plru_update=16 victim_select=151 victim_way=151 victim_invalid=8 victim_clean=16 victim_dirty=131 dirty_set=300715 ctrl_dirty_updt=300715 ctrl_dirty_hit=300577 stall=0 mshr_alloc=16 mshr_dirty=565 mshr_empty=302466 mshr_hit=83 mshr_full=0 vbuf_alloc=6 vbuf_capture_start=6 vbuf_capture_done=12 vbuf_safe=18 vbuf_wb_start=6 vbuf_wb_done=6 vbuf_full=1045 vbuf_busy=1039 vbuf_capture_pending=12 vbuf_fwd_hit=4 vbuf_fwd_req=133 vbuf_fwd_entry_valid=114 vbuf_fwd_nline_match=5 vbuf_fwd_rsp=4 rtab_empty=303471 rtab_full=0 rtab_alloc=6 rtab_alloc_link=0 rtab_commit=6 rtab_rback=109 rtab_check_hit=236 rtab_replay=121 rtab_mshr_hit=0 rtab_mshr_full=0 rtab_vbuf_hit=0 rtab_write_miss=0 rtab_dir_unavail=0 rtab_dir_fetch=0 rtab_wbuf_hit=0 rtab_wbuf_not_ready=0 arb_active=3018 arb_i_d_mix=19 fetch_before_data=7 req_tag=50072 rsp_tag=50071 sid_match=50071 sid_mismatch=0 tid_match=50071 tid_mismatch=0 load_after_store_value_match=12","PASS","PASS requires RTAB replay, commit/rback, check-hit, or alloc-and-link evidence."
"46","8.5","TC_046","Dirty eviction while VBUF full","dirty_eviction_vbuf_full_busy","Corner","Verify dirty eviction is blocked when VBUF full.","Fill VBUF then force dirty eviction.","Backpressure prevents unsafe overwrite.","cp_vbuf_event(full_busy_backpressure/no_overwrite), cp_writeback_event","cv32_l1_coverage deep sampler, vbuf_monitor","deep_sampler: refill_start=16 refill_done=16 refill_dir_write=16 refill_way=32 plru_update=16 victim_select=151 victim_way=151 victim_invalid=8 victim_clean=16 victim_dirty=131 dirty_set=300715 ctrl_dirty_updt=300715 ctrl_dirty_hit=300577 stall=0 mshr_alloc=16 mshr_dirty=565 mshr_empty=302466 mshr_hit=83 mshr_full=0 vbuf_alloc=6 vbuf_capture_start=6 vbuf_capture_done=12 vbuf_safe=18 vbuf_wb_start=6 vbuf_wb_done=6 vbuf_full=1045 vbuf_busy=1039 vbuf_capture_pending=12 vbuf_fwd_hit=4 vbuf_fwd_req=133 vbuf_fwd_entry_valid=114 vbuf_fwd_nline_match=5 vbuf_fwd_rsp=4 rtab_empty=303471 rtab_full=0 rtab_alloc=6 rtab_alloc_link=0 rtab_commit=6 rtab_rback=109 rtab_check_hit=236 rtab_replay=121 rtab_mshr_hit=0 rtab_mshr_full=0 rtab_vbuf_hit=0 rtab_write_miss=0 rtab_dir_unavail=0 rtab_dir_fetch=0 rtab_wbuf_hit=0 rtab_wbuf_not_ready=0 arb_active=3018 arb_i_d_mix=19 fetch_before_data=7 req_tag=50072 rsp_tag=50071 sid_match=50071 sid_mismatch=0 tid_match=50071 tid_mismatch=0 load_after_store_value_match=12","PASS","PASS requires dirty victim evidence while VBUF full/busy is observed."
"47","8.6","TC_047","TID/SID response matching","tid_sid_response_matching","Corner","Verify transaction ID/source ID response matching.","Run mixed traffic and inspect response tags.","Responses match originating requests.","cp_ordering_event(tid_sid_match), cp_response_type","cv32_l1_coverage tag scoreboard using cache_event_if request/response tags","runtime: reset_deassert=1 fetch_enable=1 done=1 pass=1 timeout=0 critical_xz=0 instr_accept=140160 instr_rsp=140160 load_accept=30056 store_accept=20016 load_rsp=30056 ic_rd_req=44 ic_rd_rsp=44 dc_rd_req=16 dc_rd_rsp_last=16 dc_wr_addr=6 dc_wr_data=6 dc_wr_rsp=6 ic_miss_event=44 ic_refill_event=44 dc_read_miss_event=16 dc_write_miss_event=2; deep_sampler: refill_start=16 refill_done=16 refill_dir_write=16 refill_way=32 plru_update=16 victim_select=151 victim_way=151 victim_invalid=8 victim_clean=16 victim_dirty=131 dirty_set=300715 ctrl_dirty_updt=300715 ctrl_dirty_hit=300577 stall=0 mshr_alloc=16 mshr_dirty=565 mshr_empty=302466 mshr_hit=83 mshr_full=0 vbuf_alloc=6 vbuf_capture_start=6 vbuf_capture_done=12 vbuf_safe=18 vbuf_wb_start=6 vbuf_wb_done=6 vbuf_full=1045 vbuf_busy=1039 vbuf_capture_pending=12 vbuf_fwd_hit=4 vbuf_fwd_req=133 vbuf_fwd_entry_valid=114 vbuf_fwd_nline_match=5 vbuf_fwd_rsp=4 rtab_empty=303471 rtab_full=0 rtab_alloc=6 rtab_alloc_link=0 rtab_commit=6 rtab_rback=109 rtab_check_hit=236 rtab_replay=121 rtab_mshr_hit=0 rtab_mshr_full=0 rtab_vbuf_hit=0 rtab_write_miss=0 rtab_dir_unavail=0 rtab_dir_fetch=0 rtab_wbuf_hit=0 rtab_wbuf_not_ready=0 arb_active=3018 arb_i_d_mix=19 fetch_before_data=7 req_tag=50072 rsp_tag=50071 sid_match=50071 sid_mismatch=0 tid_match=50071 tid_mismatch=0 load_after_store_value_match=12","PASS","PASS requires every observed tagged response to match SID and TID with no mismatch counter."
"48","8.7","TC_048","No double/missing response","no_double_missing_response","Corner","Verify no double or missing response.","Run basic mixed traffic and inspect pending counters.","No negative pending count and no final pending load/read response.","cp_ordering_event(no_double_missing_response), cp_response_type","scoreboard","runtime: reset_deassert=1 fetch_enable=1 done=1 pass=1 timeout=0 critical_xz=0 instr_accept=140160 instr_rsp=140160 load_accept=30056 store_accept=20016 load_rsp=30056 ic_rd_req=44 ic_rd_rsp=44 dc_rd_req=16 dc_rd_rsp_last=16 dc_wr_addr=6 dc_wr_data=6 dc_wr_rsp=6 ic_miss_event=44 ic_refill_event=44 dc_read_miss_event=16 dc_write_miss_event=2","PASS","Scoreboard pending counters provide observable evidence."
"49","9.1","TC_049","Stress random I/D traffic","stress_random_i_d_traffic","Stress / Random Tests","Verify random instruction/data traffic.","Run random I/D traffic campaign.","All random runs pass without protocol errors.","cp_stress_event(random_i_d_traffic)","Phase 4 directed stress sweep, core/mem/perf monitors","runtime: reset_deassert=1 fetch_enable=1 done=1 pass=1 timeout=0 critical_xz=0 instr_accept=140160 instr_rsp=140160 load_accept=30056 store_accept=20016 load_rsp=30056 ic_rd_req=44 ic_rd_rsp=44 dc_rd_req=16 dc_rd_rsp_last=16 dc_wr_addr=6 dc_wr_data=6 dc_wr_rsp=6 ic_miss_event=44 ic_refill_event=44 dc_read_miss_event=16 dc_write_miss_event=2; perf_if: cycle=303711 instr=140163 ic_miss=44 ic_refill=44 loads=30056 stores=20016 mem_reads=60 mem_writes=6 read_miss=16 write_miss=2 dcache_miss=18; deep_sampler: refill_start=16 refill_done=16 refill_dir_write=16 refill_way=32 plru_update=16 victim_select=151 victim_way=151 victim_invalid=8 victim_clean=16 victim_dirty=131 dirty_set=300715 ctrl_dirty_updt=300715 ctrl_dirty_hit=300577 stall=0 mshr_alloc=16 mshr_dirty=565 mshr_empty=302466 mshr_hit=83 mshr_full=0 vbuf_alloc=6 vbuf_capture_start=6 vbuf_capture_done=12 vbuf_safe=18 vbuf_wb_start=6 vbuf_wb_done=6 vbuf_full=1045 vbuf_busy=1039 vbuf_capture_pending=12 vbuf_fwd_hit=4 vbuf_fwd_req=133 vbuf_fwd_entry_valid=114 vbuf_fwd_nline_match=5 vbuf_fwd_rsp=4 rtab_empty=303471 rtab_full=0 rtab_alloc=6 rtab_alloc_link=0 rtab_commit=6 rtab_rback=109 rtab_check_hit=236 rtab_replay=121 rtab_mshr_hit=0 rtab_mshr_full=0 rtab_vbuf_hit=0 rtab_write_miss=0 rtab_dir_unavail=0 rtab_dir_fetch=0 rtab_wbuf_hit=0 rtab_wbuf_not_ready=0 arb_active=3018 arb_i_d_mix=19 fetch_before_data=7 req_tag=50072 rsp_tag=50071 sid_match=50071 sid_mismatch=0 tid_match=50071 tid_mismatch=0 load_after_store_value_match=12","PASS","PASS uses directed stress traffic from the TestCase sheet; Performance sheets remain excluded."
"50","9.2","TC_050","Stress I-cache hit/miss","stress_icache_hit_miss_coverage","Stress / Random Tests","Verify I-cache hit/miss coverage across stress.","Run stress program with varied fetch locality.","I-cache hit/miss bins are covered.","cp_stress_event(icache_hit_miss_coverage), cp_perf_counter_event(i_hit/i_miss)","Phase 4 directed stress sweep, icache monitor, perf_if","runtime: reset_deassert=1 fetch_enable=1 done=1 pass=1 timeout=0 critical_xz=0 instr_accept=140160 instr_rsp=140160 load_accept=30056 store_accept=20016 load_rsp=30056 ic_rd_req=44 ic_rd_rsp=44 dc_rd_req=16 dc_rd_rsp_last=16 dc_wr_addr=6 dc_wr_data=6 dc_wr_rsp=6 ic_miss_event=44 ic_refill_event=44 dc_read_miss_event=16 dc_write_miss_event=2; perf_if: cycle=303711 instr=140163 ic_miss=44 ic_refill=44 loads=30056 stores=20016 mem_reads=60 mem_writes=6 read_miss=16 write_miss=2 dcache_miss=18","PASS","PASS requires stress sweep plus observed I-cache misses and more fetches than misses."
"51","9.3","TC_051","Stress D-cache hit/miss","stress_dcache_hit_miss_coverage","Stress / Random Tests","Verify D-cache hit/miss coverage across stress.","Run stress program with varied data locality.","D-cache hit/miss bins are covered.","cp_stress_event(dcache_hit_miss_coverage), cp_perf_counter_event(d_hit/d_miss)","Phase 4 directed stress sweep, dcache monitor, perf_if","runtime: reset_deassert=1 fetch_enable=1 done=1 pass=1 timeout=0 critical_xz=0 instr_accept=140160 instr_rsp=140160 load_accept=30056 store_accept=20016 load_rsp=30056 ic_rd_req=44 ic_rd_rsp=44 dc_rd_req=16 dc_rd_rsp_last=16 dc_wr_addr=6 dc_wr_data=6 dc_wr_rsp=6 ic_miss_event=44 ic_refill_event=44 dc_read_miss_event=16 dc_write_miss_event=2; perf_if: cycle=303711 instr=140163 ic_miss=44 ic_refill=44 loads=30056 stores=20016 mem_reads=60 mem_writes=6 read_miss=16 write_miss=2 dcache_miss=18","PASS","PASS requires stress sweep plus observed D-cache miss and load-hit opportunity evidence."
"52","9.4","TC_052","Stress dirty eviction","stress_dirty_eviction_writeback","Stress / Random Tests","Verify dirty eviction writeback across stress.","Run stress program with dirty replacements.","Dirty eviction/writeback bins are covered.","cp_stress_event(dirty_eviction_writeback), cp_perf_counter_event(dirty_eviction)","Phase 4 directed stress sweep, writeback/victim monitors","runtime: reset_deassert=1 fetch_enable=1 done=1 pass=1 timeout=0 critical_xz=0 instr_accept=140160 instr_rsp=140160 load_accept=30056 store_accept=20016 load_rsp=30056 ic_rd_req=44 ic_rd_rsp=44 dc_rd_req=16 dc_rd_rsp_last=16 dc_wr_addr=6 dc_wr_data=6 dc_wr_rsp=6 ic_miss_event=44 ic_refill_event=44 dc_read_miss_event=16 dc_write_miss_event=2; perf_if: cycle=303711 instr=140163 ic_miss=44 ic_refill=44 loads=30056 stores=20016 mem_reads=60 mem_writes=6 read_miss=16 write_miss=2 dcache_miss=18; deep_sampler: refill_start=16 refill_done=16 refill_dir_write=16 refill_way=32 plru_update=16 victim_select=151 victim_way=151 victim_invalid=8 victim_clean=16 victim_dirty=131 dirty_set=300715 ctrl_dirty_updt=300715 ctrl_dirty_hit=300577 stall=0 mshr_alloc=16 mshr_dirty=565 mshr_empty=302466 mshr_hit=83 mshr_full=0 vbuf_alloc=6 vbuf_capture_start=6 vbuf_capture_done=12 vbuf_safe=18 vbuf_wb_start=6 vbuf_wb_done=6 vbuf_full=1045 vbuf_busy=1039 vbuf_capture_pending=12 vbuf_fwd_hit=4 vbuf_fwd_req=133 vbuf_fwd_entry_valid=114 vbuf_fwd_nline_match=5 vbuf_fwd_rsp=4 rtab_empty=303471 rtab_full=0 rtab_alloc=6 rtab_alloc_link=0 rtab_commit=6 rtab_rback=109 rtab_check_hit=236 rtab_replay=121 rtab_mshr_hit=0 rtab_mshr_full=0 rtab_vbuf_hit=0 rtab_write_miss=0 rtab_dir_unavail=0 rtab_dir_fetch=0 rtab_wbuf_hit=0 rtab_wbuf_not_ready=0 arb_active=3018 arb_i_d_mix=19 fetch_before_data=7 req_tag=50072 rsp_tag=50071 sid_match=50071 sid_mismatch=0 tid_match=50071 tid_mismatch=0 load_after_store_value_match=12","PASS","PASS requires stress sweep with dirty victim and external writeback evidence."
"53","9.5","TC_053","Stress VBUF forwarding","stress_vbuf_hit_forwarding","Stress / Random Tests","Verify VBUF hit/forwarding across stress.","Run stress program with victim-buffer dependencies.","VBUF hit/forward bins are covered.","cp_stress_event(vbuf_hit_forwarding), cp_perf_counter_event(vbuf_hit/vbuf_forward)","Phase 4 directed stress sweep, VBUF deep sampler","runtime: reset_deassert=1 fetch_enable=1 done=1 pass=1 timeout=0 critical_xz=0 instr_accept=140160 instr_rsp=140160 load_accept=30056 store_accept=20016 load_rsp=30056 ic_rd_req=44 ic_rd_rsp=44 dc_rd_req=16 dc_rd_rsp_last=16 dc_wr_addr=6 dc_wr_data=6 dc_wr_rsp=6 ic_miss_event=44 ic_refill_event=44 dc_read_miss_event=16 dc_write_miss_event=2; perf_if: cycle=303711 instr=140163 ic_miss=44 ic_refill=44 loads=30056 stores=20016 mem_reads=60 mem_writes=6 read_miss=16 write_miss=2 dcache_miss=18; deep_sampler: refill_start=16 refill_done=16 refill_dir_write=16 refill_way=32 plru_update=16 victim_select=151 victim_way=151 victim_invalid=8 victim_clean=16 victim_dirty=131 dirty_set=300715 ctrl_dirty_updt=300715 ctrl_dirty_hit=300577 stall=0 mshr_alloc=16 mshr_dirty=565 mshr_empty=302466 mshr_hit=83 mshr_full=0 vbuf_alloc=6 vbuf_capture_start=6 vbuf_capture_done=12 vbuf_safe=18 vbuf_wb_start=6 vbuf_wb_done=6 vbuf_full=1045 vbuf_busy=1039 vbuf_capture_pending=12 vbuf_fwd_hit=4 vbuf_fwd_req=133 vbuf_fwd_entry_valid=114 vbuf_fwd_nline_match=5 vbuf_fwd_rsp=4 rtab_empty=303471 rtab_full=0 rtab_alloc=6 rtab_alloc_link=0 rtab_commit=6 rtab_rback=109 rtab_check_hit=236 rtab_replay=121 rtab_mshr_hit=0 rtab_mshr_full=0 rtab_vbuf_hit=0 rtab_write_miss=0 rtab_dir_unavail=0 rtab_dir_fetch=0 rtab_wbuf_hit=0 rtab_wbuf_not_ready=0 arb_active=3018 arb_i_d_mix=19 fetch_before_data=7 req_tag=50072 rsp_tag=50071 sid_match=50071 sid_mismatch=0 tid_match=50071 tid_mismatch=0 load_after_store_value_match=12","PASS","PASS requires stress sweep plus VBUF forward response/hit or dependency evidence."
"54","9.6","TC_054","Stress MSHR/RTAB replay","stress_mshr_hit_rtab_replay","Stress / Random Tests","Verify MSHR hit and RTAB replay across stress.","Run duplicate miss stress.","MSHR hit and RTAB replay bins are covered.","cp_stress_event(mshr_hit_rtab_replay), cp_mshr_event, cp_rtab_event","Phase 4 directed stress sweep, MSHR/RTAB deep sampler","runtime: reset_deassert=1 fetch_enable=1 done=1 pass=1 timeout=0 critical_xz=0 instr_accept=140160 instr_rsp=140160 load_accept=30056 store_accept=20016 load_rsp=30056 ic_rd_req=44 ic_rd_rsp=44 dc_rd_req=16 dc_rd_rsp_last=16 dc_wr_addr=6 dc_wr_data=6 dc_wr_rsp=6 ic_miss_event=44 ic_refill_event=44 dc_read_miss_event=16 dc_write_miss_event=2; perf_if: cycle=303711 instr=140163 ic_miss=44 ic_refill=44 loads=30056 stores=20016 mem_reads=60 mem_writes=6 read_miss=16 write_miss=2 dcache_miss=18; deep_sampler: refill_start=16 refill_done=16 refill_dir_write=16 refill_way=32 plru_update=16 victim_select=151 victim_way=151 victim_invalid=8 victim_clean=16 victim_dirty=131 dirty_set=300715 ctrl_dirty_updt=300715 ctrl_dirty_hit=300577 stall=0 mshr_alloc=16 mshr_dirty=565 mshr_empty=302466 mshr_hit=83 mshr_full=0 vbuf_alloc=6 vbuf_capture_start=6 vbuf_capture_done=12 vbuf_safe=18 vbuf_wb_start=6 vbuf_wb_done=6 vbuf_full=1045 vbuf_busy=1039 vbuf_capture_pending=12 vbuf_fwd_hit=4 vbuf_fwd_req=133 vbuf_fwd_entry_valid=114 vbuf_fwd_nline_match=5 vbuf_fwd_rsp=4 rtab_empty=303471 rtab_full=0 rtab_alloc=6 rtab_alloc_link=0 rtab_commit=6 rtab_rback=109 rtab_check_hit=236 rtab_replay=121 rtab_mshr_hit=0 rtab_mshr_full=0 rtab_vbuf_hit=0 rtab_write_miss=0 rtab_dir_unavail=0 rtab_dir_fetch=0 rtab_wbuf_hit=0 rtab_wbuf_not_ready=0 arb_active=3018 arb_i_d_mix=19 fetch_before_data=7 req_tag=50072 rsp_tag=50071 sid_match=50071 sid_mismatch=0 tid_match=50071 tid_mismatch=0 load_after_store_value_match=12","PASS","PASS requires stress sweep plus MSHR merge or RTAB replay/allocation evidence."
"55","9.7","TC_055","Stress arbiter contention","stress_arbiter_contention","Stress / Random Tests","Verify L1 arbiter contention across stress.","Run mixed I/D contention stress.","Arbiter contention bins are covered.","cp_stress_event(arbiter_contention), cp_arbiter_event","Phase 4 directed stress sweep, arbiter monitor","runtime: reset_deassert=1 fetch_enable=1 done=1 pass=1 timeout=0 critical_xz=0 instr_accept=140160 instr_rsp=140160 load_accept=30056 store_accept=20016 load_rsp=30056 ic_rd_req=44 ic_rd_rsp=44 dc_rd_req=16 dc_rd_rsp_last=16 dc_wr_addr=6 dc_wr_data=6 dc_wr_rsp=6 ic_miss_event=44 ic_refill_event=44 dc_read_miss_event=16 dc_write_miss_event=2; perf_if: cycle=303711 instr=140163 ic_miss=44 ic_refill=44 loads=30056 stores=20016 mem_reads=60 mem_writes=6 read_miss=16 write_miss=2 dcache_miss=18; deep_sampler: refill_start=16 refill_done=16 refill_dir_write=16 refill_way=32 plru_update=16 victim_select=151 victim_way=151 victim_invalid=8 victim_clean=16 victim_dirty=131 dirty_set=300715 ctrl_dirty_updt=300715 ctrl_dirty_hit=300577 stall=0 mshr_alloc=16 mshr_dirty=565 mshr_empty=302466 mshr_hit=83 mshr_full=0 vbuf_alloc=6 vbuf_capture_start=6 vbuf_capture_done=12 vbuf_safe=18 vbuf_wb_start=6 vbuf_wb_done=6 vbuf_full=1045 vbuf_busy=1039 vbuf_capture_pending=12 vbuf_fwd_hit=4 vbuf_fwd_req=133 vbuf_fwd_entry_valid=114 vbuf_fwd_nline_match=5 vbuf_fwd_rsp=4 rtab_empty=303471 rtab_full=0 rtab_alloc=6 rtab_alloc_link=0 rtab_commit=6 rtab_rback=109 rtab_check_hit=236 rtab_replay=121 rtab_mshr_hit=0 rtab_mshr_full=0 rtab_vbuf_hit=0 rtab_write_miss=0 rtab_dir_unavail=0 rtab_dir_fetch=0 rtab_wbuf_hit=0 rtab_wbuf_not_ready=0 arb_active=3018 arb_i_d_mix=19 fetch_before_data=7 req_tag=50072 rsp_tag=50071 sid_match=50071 sid_mismatch=0 tid_match=50071 tid_mismatch=0 load_after_store_value_match=12","PASS","PASS requires stress sweep with simultaneous I/D arbiter activity evidence."
"56","9.8","TC_056","Stress VBUF full/busy","stress_vbuf_full_busy","Stress / Random Tests","Verify VBUF full/busy across stress.","Run stress that fills VBUF.","VBUF full/busy bins are covered.","cp_stress_event(vbuf_full_busy), cp_perf_counter_event(vbuf_full)","Phase 4 directed stress sweep, VBUF deep sampler","runtime: reset_deassert=1 fetch_enable=1 done=1 pass=1 timeout=0 critical_xz=0 instr_accept=140160 instr_rsp=140160 load_accept=30056 store_accept=20016 load_rsp=30056 ic_rd_req=44 ic_rd_rsp=44 dc_rd_req=16 dc_rd_rsp_last=16 dc_wr_addr=6 dc_wr_data=6 dc_wr_rsp=6 ic_miss_event=44 ic_refill_event=44 dc_read_miss_event=16 dc_write_miss_event=2; perf_if: cycle=303711 instr=140163 ic_miss=44 ic_refill=44 loads=30056 stores=20016 mem_reads=60 mem_writes=6 read_miss=16 write_miss=2 dcache_miss=18; deep_sampler: refill_start=16 refill_done=16 refill_dir_write=16 refill_way=32 plru_update=16 victim_select=151 victim_way=151 victim_invalid=8 victim_clean=16 victim_dirty=131 dirty_set=300715 ctrl_dirty_updt=300715 ctrl_dirty_hit=300577 stall=0 mshr_alloc=16 mshr_dirty=565 mshr_empty=302466 mshr_hit=83 mshr_full=0 vbuf_alloc=6 vbuf_capture_start=6 vbuf_capture_done=12 vbuf_safe=18 vbuf_wb_start=6 vbuf_wb_done=6 vbuf_full=1045 vbuf_busy=1039 vbuf_capture_pending=12 vbuf_fwd_hit=4 vbuf_fwd_req=133 vbuf_fwd_entry_valid=114 vbuf_fwd_nline_match=5 vbuf_fwd_rsp=4 rtab_empty=303471 rtab_full=0 rtab_alloc=6 rtab_alloc_link=0 rtab_commit=6 rtab_rback=109 rtab_check_hit=236 rtab_replay=121 rtab_mshr_hit=0 rtab_mshr_full=0 rtab_vbuf_hit=0 rtab_write_miss=0 rtab_dir_unavail=0 rtab_dir_fetch=0 rtab_wbuf_hit=0 rtab_wbuf_not_ready=0 arb_active=3018 arb_i_d_mix=19 fetch_before_data=7 req_tag=50072 rsp_tag=50071 sid_match=50071 sid_mismatch=0 tid_match=50071 tid_mismatch=0 load_after_store_value_match=12","PASS","PASS requires stress sweep plus VBUF full and busy evidence."
"57","9.9","TC_057","Stress event counter report","stress_event_counter_report","Stress / Random Tests","Verify event counter reporting across stress.","Run stress and report counters.","Event counter report contains required stress counters.","cp_stress_event(event_counter_report), cp_perf_counter_event","Phase 4 directed stress sweep, perf_if and event counters","runtime: reset_deassert=1 fetch_enable=1 done=1 pass=1 timeout=0 critical_xz=0 instr_accept=140160 instr_rsp=140160 load_accept=30056 store_accept=20016 load_rsp=30056 ic_rd_req=44 ic_rd_rsp=44 dc_rd_req=16 dc_rd_rsp_last=16 dc_wr_addr=6 dc_wr_data=6 dc_wr_rsp=6 ic_miss_event=44 ic_refill_event=44 dc_read_miss_event=16 dc_write_miss_event=2; perf_if: cycle=303711 instr=140163 ic_miss=44 ic_refill=44 loads=30056 stores=20016 mem_reads=60 mem_writes=6 read_miss=16 write_miss=2 dcache_miss=18; deep_sampler: refill_start=16 refill_done=16 refill_dir_write=16 refill_way=32 plru_update=16 victim_select=151 victim_way=151 victim_invalid=8 victim_clean=16 victim_dirty=131 dirty_set=300715 ctrl_dirty_updt=300715 ctrl_dirty_hit=300577 stall=0 mshr_alloc=16 mshr_dirty=565 mshr_empty=302466 mshr_hit=83 mshr_full=0 vbuf_alloc=6 vbuf_capture_start=6 vbuf_capture_done=12 vbuf_safe=18 vbuf_wb_start=6 vbuf_wb_done=6 vbuf_full=1045 vbuf_busy=1039 vbuf_capture_pending=12 vbuf_fwd_hit=4 vbuf_fwd_req=133 vbuf_fwd_entry_valid=114 vbuf_fwd_nline_match=5 vbuf_fwd_rsp=4 rtab_empty=303471 rtab_full=0 rtab_alloc=6 rtab_alloc_link=0 rtab_commit=6 rtab_rback=109 rtab_check_hit=236 rtab_replay=121 rtab_mshr_hit=0 rtab_mshr_full=0 rtab_vbuf_hit=0 rtab_write_miss=0 rtab_dir_unavail=0 rtab_dir_fetch=0 rtab_wbuf_hit=0 rtab_wbuf_not_ready=0 arb_active=3018 arb_i_d_mix=19 fetch_before_data=7 req_tag=50072 rsp_tag=50071 sid_match=50071 sid_mismatch=0 tid_match=50071 tid_mismatch=0 load_after_store_value_match=12","PASS","PASS requires stress sweep with nonzero perf/event counter report evidence."
"58","9.10","TC_058","Stress 100k cycles/transactions","stress_100k_cycles_transactions","Stress / Random Tests","Run long stress with 100k cycles or transactions to verify system stability under extended random/cache traffic.","Run randomized I-fetch instruction, load, and store traffic for 100k cycles or transactions.","scoreboard strict_errors=0, UVM_ERROR=0, UVM_FATAL=0, timeout=0, no missing/double response, and final correctness check passes.","cp_stress_event(100k_cycles_transactions), cp_perf_counter_event","Phase 4 directed 100k stress sweep, scoreboard, core/mem/perf monitors","runtime: reset_deassert=1 fetch_enable=1 done=1 pass=1 timeout=0 critical_xz=0 instr_accept=140160 instr_rsp=140160 load_accept=30056 store_accept=20016 load_rsp=30056 ic_rd_req=44 ic_rd_rsp=44 dc_rd_req=16 dc_rd_rsp_last=16 dc_wr_addr=6 dc_wr_data=6 dc_wr_rsp=6 ic_miss_event=44 ic_refill_event=44 dc_read_miss_event=16 dc_write_miss_event=2; perf_if: cycle=303711 instr=140163 ic_miss=44 ic_refill=44 loads=30056 stores=20016 mem_reads=60 mem_writes=6 read_miss=16 write_miss=2 dcache_miss=18; deep_sampler: refill_start=16 refill_done=16 refill_dir_write=16 refill_way=32 plru_update=16 victim_select=151 victim_way=151 victim_invalid=8 victim_clean=16 victim_dirty=131 dirty_set=300715 ctrl_dirty_updt=300715 ctrl_dirty_hit=300577 stall=0 mshr_alloc=16 mshr_dirty=565 mshr_empty=302466 mshr_hit=83 mshr_full=0 vbuf_alloc=6 vbuf_capture_start=6 vbuf_capture_done=12 vbuf_safe=18 vbuf_wb_start=6 vbuf_wb_done=6 vbuf_full=1045 vbuf_busy=1039 vbuf_capture_pending=12 vbuf_fwd_hit=4 vbuf_fwd_req=133 vbuf_fwd_entry_valid=114 vbuf_fwd_nline_match=5 vbuf_fwd_rsp=4 rtab_empty=303471 rtab_full=0 rtab_alloc=6 rtab_alloc_link=0 rtab_commit=6 rtab_rback=109 rtab_check_hit=236 rtab_replay=121 rtab_mshr_hit=0 rtab_mshr_full=0 rtab_vbuf_hit=0 rtab_write_miss=0 rtab_dir_unavail=0 rtab_dir_fetch=0 rtab_wbuf_hit=0 rtab_wbuf_not_ready=0 arb_active=3018 arb_i_d_mix=19 fetch_before_data=7 req_tag=50072 rsp_tag=50071 sid_match=50071 sid_mismatch=0 tid_match=50071 tid_mismatch=0 load_after_store_value_match=12","PASS","PASS requires the Phase 4 stress run to reach at least 100k cycles or 100k observed I/D transactions with no timeout or critical runtime violation."
