test_name,bench_name,cache_mode,event_type,source,addr,request_cycle,response_cycle,latency,notes
uvm_p5_perf_collector_test,uvm_p5_perf_collector,FULL_L1,MEM_READ_REQ_TO_RSP,mem_monitor_icache,80000000,257,299,42,icache_read
uvm_p5_perf_collector_test,uvm_p5_perf_collector,FULL_L1,IFETCH_REQ_TO_RSP,core_monitor,80000000,256,299,43,class=miss_event_correlated
uvm_p5_perf_collector_test,uvm_p5_perf_collector,FULL_L1,IFETCH_REQ_TO_RSP,core_monitor,80000004,300,301,1,class=hit_event_correlated
uvm_p5_perf_collector_test,uvm_p5_perf_collector,FULL_L1,IFETCH_REQ_TO_RSP,core_monitor,80000008,302,303,1,class=hit_event_correlated
uvm_p5_perf_collector_test,uvm_p5_perf_collector,FULL_L1,IFETCH_REQ_TO_RSP,core_monitor,8000000c,304,305,1,class=hit_event_correlated
uvm_p5_perf_collector_test,uvm_p5_perf_collector,FULL_L1,MEM_READ_REQ_TO_RSP,mem_monitor_icache,80000010,307,349,42,icache_read
uvm_p5_perf_collector_test,uvm_p5_perf_collector,FULL_L1,IFETCH_REQ_TO_RSP,core_monitor,80000010,306,349,43,class=miss_event_correlated
uvm_p5_perf_collector_test,uvm_p5_perf_collector,FULL_L1,IFETCH_REQ_TO_RSP,core_monitor,80000014,350,351,1,class=hit_event_correlated
uvm_p5_perf_collector_test,uvm_p5_perf_collector,FULL_L1,IFETCH_REQ_TO_RSP,core_monitor,80000018,352,353,1,class=hit_event_correlated
uvm_p5_perf_collector_test,uvm_p5_perf_collector,FULL_L1,IFETCH_REQ_TO_RSP,core_monitor,8000001c,354,355,1,class=hit_event_correlated
uvm_p5_perf_collector_test,uvm_p5_perf_collector,FULL_L1,MEM_READ_REQ_TO_LAST_RSP,mem_monitor_dcache,00001000,357,399,42,dcache_read_last
uvm_p5_perf_collector_test,uvm_p5_perf_collector,FULL_L1,LOAD_REQ_TO_RSP,core_monitor,00001000,353,401,48,class=miss_event_correlated
uvm_p5_perf_collector_test,uvm_p5_perf_collector,FULL_L1,STORE_HIT_TO_DIRTY_UPDATE,dcache_monitor,00001000,403,406,3,store_completion=dirty_update_event
uvm_p5_perf_collector_test,uvm_p5_perf_collector,FULL_L1,IFETCH_REQ_TO_RSP,core_monitor,80000020,356,442,86,class=miss_event_correlated
uvm_p5_perf_collector_test,uvm_p5_perf_collector,FULL_L1,MEM_READ_REQ_TO_RSP,mem_monitor_icache,80000020,400,442,42,icache_read
uvm_p5_perf_collector_test,uvm_p5_perf_collector,FULL_L1,IFETCH_REQ_TO_RSP,core_monitor,80000024,443,444,1,class=hit_event_correlated
uvm_p5_perf_collector_test,uvm_p5_perf_collector,FULL_L1,IFETCH_REQ_TO_RSP,core_monitor,80000028,445,446,1,class=hit_event_correlated
uvm_p5_perf_collector_test,uvm_p5_perf_collector,FULL_L1,IFETCH_REQ_TO_RSP,core_monitor,8000002c,447,448,1,class=hit_event_correlated
uvm_p5_perf_collector_test,uvm_p5_perf_collector,FULL_L1,MEM_READ_REQ_TO_LAST_RSP,mem_monitor_dcache,00001100,448,490,42,dcache_read_last
uvm_p5_perf_collector_test,uvm_p5_perf_collector,FULL_L1,LOAD_REQ_TO_RSP,core_monitor,00001100,444,492,48,class=miss_event_correlated
uvm_p5_perf_collector_test,uvm_p5_perf_collector,FULL_L1,IFETCH_REQ_TO_RSP,core_monitor,80000030,493,536,43,class=miss_event_correlated
uvm_p5_perf_collector_test,uvm_p5_perf_collector,FULL_L1,MEM_READ_REQ_TO_RSP,mem_monitor_icache,80000030,494,536,42,icache_read
uvm_p5_perf_collector_test,uvm_p5_perf_collector,FULL_L1,IFETCH_REQ_TO_RSP,core_monitor,80000034,537,538,1,class=hit_event_correlated
uvm_p5_perf_collector_test,uvm_p5_perf_collector,FULL_L1,MEM_READ_REQ_TO_LAST_RSP,mem_monitor_dcache,00001200,537,579,42,dcache_read_last
uvm_p5_perf_collector_test,uvm_p5_perf_collector,FULL_L1,LOAD_REQ_TO_RSP,core_monitor,00001200,493,581,88,class=miss_event_correlated
uvm_p5_perf_collector_test,uvm_p5_perf_collector,FULL_L1,IFETCH_REQ_TO_RSP,core_monitor,80000038,583,584,1,class=hit_event_correlated
uvm_p5_perf_collector_test,uvm_p5_perf_collector,FULL_L1,LOAD_REQ_TO_RSP,core_monitor,00001000,582,585,3,class=hit_event_correlated
uvm_p5_perf_collector_test,uvm_p5_perf_collector,FULL_L1,LOAD_REQ_TO_RSP,core_monitor,00001000,586,589,3,class=hit_event_correlated
uvm_p5_perf_collector_test,uvm_p5_perf_collector,FULL_L1,IFETCH_REQ_TO_RSP,core_monitor,8000003c,590,591,1,class=hit_event_correlated
uvm_p5_perf_collector_test,uvm_p5_perf_collector,FULL_L1,LOAD_REQ_TO_RSP,core_monitor,00001004,591,594,3,class=hit_event_correlated
uvm_p5_perf_collector_test,uvm_p5_perf_collector,FULL_L1,LOAD_REQ_TO_RSP,core_monitor,00001008,596,599,3,class=hit_event_correlated
uvm_p5_perf_collector_test,uvm_p5_perf_collector,FULL_L1,MEM_WRITE_ADDR_DATA_TO_RSP,mem_monitor_dcache,00001000,583,665,82,store_latency=N/A_core_completion_not_defined
uvm_p5_perf_collector_test,uvm_p5_perf_collector,FULL_L1,DIRTY_VBUF_WRITEBACK_START_TO_DONE,dcache_monitor,00001000,500,665,165,dirty_vbuf_writeback
uvm_p5_perf_collector_test,uvm_p5_perf_collector,FULL_L1,IFETCH_REQ_TO_RSP,core_monitor,80000040,592,708,116,class=miss_event_correlated
uvm_p5_perf_collector_test,uvm_p5_perf_collector,FULL_L1,MEM_READ_REQ_TO_RSP,mem_monitor_icache,80000040,666,708,42,icache_read
uvm_p5_perf_collector_test,uvm_p5_perf_collector,FULL_L1,IFETCH_REQ_TO_RSP,core_monitor,80000044,709,710,1,class=hit_event_correlated
uvm_p5_perf_collector_test,uvm_p5_perf_collector,FULL_L1,IFETCH_REQ_TO_RSP,core_monitor,80000048,711,712,1,class=hit_event_correlated
uvm_p5_perf_collector_test,uvm_p5_perf_collector,FULL_L1,IFETCH_REQ_TO_RSP,core_monitor,8000004c,713,714,1,class=hit_event_correlated
uvm_p5_perf_collector_test,uvm_p5_perf_collector,FULL_L1,MEM_READ_REQ_TO_LAST_RSP,mem_monitor_dcache,00001000,716,758,42,dcache_read_last
uvm_p5_perf_collector_test,uvm_p5_perf_collector,FULL_L1,LOAD_REQ_TO_RSP,core_monitor,0000100c,712,760,48,class=miss_event_correlated
uvm_p5_perf_collector_test,uvm_p5_perf_collector,FULL_L1,LOAD_REQ_TO_RSP,core_monitor,00001000,762,765,3,class=hit_event_correlated
uvm_p5_perf_collector_test,uvm_p5_perf_collector,FULL_L1,MEM_READ_REQ_TO_RSP,mem_monitor_icache,80000050,759,801,42,icache_read
uvm_p5_perf_collector_test,uvm_p5_perf_collector,FULL_L1,IFETCH_REQ_TO_RSP,core_monitor,80000050,715,801,86,class=miss_event_correlated
uvm_p5_perf_collector_test,uvm_p5_perf_collector,FULL_L1,IFETCH_REQ_TO_RSP,core_monitor,80000054,802,803,1,class=hit_event_correlated
uvm_p5_perf_collector_test,uvm_p5_perf_collector,FULL_L1,IFETCH_REQ_TO_RSP,core_monitor,80000058,804,805,1,class=hit_event_correlated
uvm_p5_perf_collector_test,uvm_p5_perf_collector,FULL_L1,IFETCH_REQ_TO_RSP,core_monitor,8000005c,806,807,1,class=hit_event_correlated
uvm_p5_perf_collector_test,uvm_p5_perf_collector,FULL_L1,LOAD_REQ_TO_RSP,core_monitor,00001004,805,808,3,class=hit_event_correlated
uvm_p5_perf_collector_test,uvm_p5_perf_collector,FULL_L1,LOAD_REQ_TO_RSP,core_monitor,00001008,810,813,3,class=hit_event_correlated
uvm_p5_perf_collector_test,uvm_p5_perf_collector,FULL_L1,MEM_READ_REQ_TO_RSP,mem_monitor_icache,80000060,809,851,42,icache_read
uvm_p5_perf_collector_test,uvm_p5_perf_collector,FULL_L1,IFETCH_REQ_TO_RSP,core_monitor,80000060,808,851,43,class=miss_event_correlated
uvm_p5_perf_collector_test,uvm_p5_perf_collector,FULL_L1,IFETCH_REQ_TO_RSP,core_monitor,80000064,852,853,1,class=hit_event_correlated
uvm_p5_perf_collector_test,uvm_p5_perf_collector,FULL_L1,IFETCH_REQ_TO_RSP,core_monitor,80000068,854,855,1,class=hit_event_correlated
uvm_p5_perf_collector_test,uvm_p5_perf_collector,FULL_L1,IFETCH_REQ_TO_RSP,core_monitor,8000006c,856,857,1,class=hit_event_correlated
uvm_p5_perf_collector_test,uvm_p5_perf_collector,FULL_L1,LOAD_REQ_TO_RSP,core_monitor,0000100c,855,858,3,class=hit_event_correlated
uvm_p5_perf_collector_test,uvm_p5_perf_collector,FULL_L1,LOAD_REQ_TO_RSP,core_monitor,00001000,860,863,3,class=hit_event_correlated
uvm_p5_perf_collector_test,uvm_p5_perf_collector,FULL_L1,MEM_READ_REQ_TO_RSP,mem_monitor_icache,80000070,859,901,42,icache_read
uvm_p5_perf_collector_test,uvm_p5_perf_collector,FULL_L1,IFETCH_REQ_TO_RSP,core_monitor,80000070,858,901,43,class=miss_event_correlated
uvm_p5_perf_collector_test,uvm_p5_perf_collector,FULL_L1,IFETCH_REQ_TO_RSP,core_monitor,80000074,902,903,1,class=hit_event_correlated
uvm_p5_perf_collector_test,uvm_p5_perf_collector,FULL_L1,IFETCH_REQ_TO_RSP,core_monitor,80000078,904,905,1,class=hit_event_correlated
uvm_p5_perf_collector_test,uvm_p5_perf_collector,FULL_L1,IFETCH_REQ_TO_RSP,core_monitor,8000007c,906,907,1,class=hit_event_correlated
uvm_p5_perf_collector_test,uvm_p5_perf_collector,FULL_L1,LOAD_REQ_TO_RSP,core_monitor,00001004,905,908,3,class=hit_event_correlated
uvm_p5_perf_collector_test,uvm_p5_perf_collector,FULL_L1,LOAD_REQ_TO_RSP,core_monitor,00001008,910,913,3,class=hit_event_correlated
uvm_p5_perf_collector_test,uvm_p5_perf_collector,FULL_L1,MEM_READ_REQ_TO_RSP,mem_monitor_icache,80000080,909,951,42,icache_read
uvm_p5_perf_collector_test,uvm_p5_perf_collector,FULL_L1,IFETCH_REQ_TO_RSP,core_monitor,80000080,908,951,43,class=miss_event_correlated
uvm_p5_perf_collector_test,uvm_p5_perf_collector,FULL_L1,IFETCH_REQ_TO_RSP,core_monitor,80000084,952,953,1,class=hit_event_correlated
uvm_p5_perf_collector_test,uvm_p5_perf_collector,FULL_L1,IFETCH_REQ_TO_RSP,core_monitor,80000088,954,955,1,class=hit_event_correlated
uvm_p5_perf_collector_test,uvm_p5_perf_collector,FULL_L1,IFETCH_REQ_TO_RSP,core_monitor,8000008c,956,957,1,class=hit_event_correlated
uvm_p5_perf_collector_test,uvm_p5_perf_collector,FULL_L1,LOAD_REQ_TO_RSP,core_monitor,0000100c,955,958,3,class=hit_event_correlated
uvm_p5_perf_collector_test,uvm_p5_perf_collector,FULL_L1,LOAD_REQ_TO_RSP,core_monitor,00001000,960,963,3,class=hit_event_correlated
uvm_p5_perf_collector_test,uvm_p5_perf_collector,FULL_L1,MEM_READ_REQ_TO_RSP,mem_monitor_icache,80000090,959,1001,42,icache_read
uvm_p5_perf_collector_test,uvm_p5_perf_collector,FULL_L1,IFETCH_REQ_TO_RSP,core_monitor,80000090,958,1001,43,class=miss_event_correlated
uvm_p5_perf_collector_test,uvm_p5_perf_collector,FULL_L1,IFETCH_REQ_TO_RSP,core_monitor,80000094,1002,1003,1,class=hit_event_correlated
uvm_p5_perf_collector_test,uvm_p5_perf_collector,FULL_L1,IFETCH_REQ_TO_RSP,core_monitor,80000098,1004,1005,1,class=hit_event_correlated
uvm_p5_perf_collector_test,uvm_p5_perf_collector,FULL_L1,IFETCH_REQ_TO_RSP,core_monitor,8000009c,1006,1007,1,class=hit_event_correlated
uvm_p5_perf_collector_test,uvm_p5_perf_collector,FULL_L1,LOAD_REQ_TO_RSP,core_monitor,00001004,1005,1008,3,class=hit_event_correlated
uvm_p5_perf_collector_test,uvm_p5_perf_collector,FULL_L1,LOAD_REQ_TO_RSP,core_monitor,00001008,1010,1013,3,class=hit_event_correlated
uvm_p5_perf_collector_test,uvm_p5_perf_collector,FULL_L1,MEM_READ_REQ_TO_RSP,mem_monitor_icache,800000a0,1009,1051,42,icache_read
uvm_p5_perf_collector_test,uvm_p5_perf_collector,FULL_L1,IFETCH_REQ_TO_RSP,core_monitor,800000a0,1008,1051,43,class=miss_event_correlated
uvm_p5_perf_collector_test,uvm_p5_perf_collector,FULL_L1,IFETCH_REQ_TO_RSP,core_monitor,800000a4,1052,1053,1,class=hit_event_correlated
uvm_p5_perf_collector_test,uvm_p5_perf_collector,FULL_L1,IFETCH_REQ_TO_RSP,core_monitor,800000a8,1054,1055,1,class=hit_event_correlated
uvm_p5_perf_collector_test,uvm_p5_perf_collector,FULL_L1,IFETCH_REQ_TO_RSP,core_monitor,800000ac,1056,1057,1,class=hit_event_correlated
uvm_p5_perf_collector_test,uvm_p5_perf_collector,FULL_L1,LOAD_REQ_TO_RSP,core_monitor,0000100c,1055,1058,3,class=hit_event_correlated
uvm_p5_perf_collector_test,uvm_p5_perf_collector,FULL_L1,LOAD_REQ_TO_RSP,core_monitor,00001000,1060,1063,3,class=hit_event_correlated
uvm_p5_perf_collector_test,uvm_p5_perf_collector,FULL_L1,MEM_READ_REQ_TO_RSP,mem_monitor_icache,800000b0,1059,1101,42,icache_read
uvm_p5_perf_collector_test,uvm_p5_perf_collector,FULL_L1,IFETCH_REQ_TO_RSP,core_monitor,800000b0,1058,1101,43,class=miss_event_correlated
uvm_p5_perf_collector_test,uvm_p5_perf_collector,FULL_L1,IFETCH_REQ_TO_RSP,core_monitor,800000b4,1102,1103,1,class=hit_event_correlated
uvm_p5_perf_collector_test,uvm_p5_perf_collector,FULL_L1,IFETCH_REQ_TO_RSP,core_monitor,800000b8,1104,1105,1,class=hit_event_correlated
uvm_p5_perf_collector_test,uvm_p5_perf_collector,FULL_L1,IFETCH_REQ_TO_RSP,core_monitor,800000bc,1106,1107,1,class=hit_event_correlated
uvm_p5_perf_collector_test,uvm_p5_perf_collector,FULL_L1,LOAD_REQ_TO_RSP,core_monitor,00001004,1105,1108,3,class=hit_event_correlated
uvm_p5_perf_collector_test,uvm_p5_perf_collector,FULL_L1,LOAD_REQ_TO_RSP,core_monitor,00001008,1110,1113,3,class=hit_event_correlated
uvm_p5_perf_collector_test,uvm_p5_perf_collector,FULL_L1,MEM_READ_REQ_TO_RSP,mem_monitor_icache,800000c0,1109,1151,42,icache_read
uvm_p5_perf_collector_test,uvm_p5_perf_collector,FULL_L1,IFETCH_REQ_TO_RSP,core_monitor,800000c0,1108,1151,43,class=miss_event_correlated
uvm_p5_perf_collector_test,uvm_p5_perf_collector,FULL_L1,IFETCH_REQ_TO_RSP,core_monitor,800000c4,1152,1153,1,class=hit_event_correlated
uvm_p5_perf_collector_test,uvm_p5_perf_collector,FULL_L1,IFETCH_REQ_TO_RSP,core_monitor,800000c8,1154,1155,1,class=hit_event_correlated
uvm_p5_perf_collector_test,uvm_p5_perf_collector,FULL_L1,IFETCH_REQ_TO_RSP,core_monitor,800000cc,1156,1157,1,class=hit_event_correlated
uvm_p5_perf_collector_test,uvm_p5_perf_collector,FULL_L1,LOAD_REQ_TO_RSP,core_monitor,0000100c,1155,1158,3,class=hit_event_correlated
uvm_p5_perf_collector_test,uvm_p5_perf_collector,FULL_L1,LOAD_REQ_TO_RSP,core_monitor,00001000,1160,1163,3,class=hit_event_correlated
uvm_p5_perf_collector_test,uvm_p5_perf_collector,FULL_L1,MEM_READ_REQ_TO_RSP,mem_monitor_icache,800000d0,1159,1201,42,icache_read
uvm_p5_perf_collector_test,uvm_p5_perf_collector,FULL_L1,IFETCH_REQ_TO_RSP,core_monitor,800000d0,1158,1201,43,class=miss_event_correlated
uvm_p5_perf_collector_test,uvm_p5_perf_collector,FULL_L1,IFETCH_REQ_TO_RSP,core_monitor,800000d4,1202,1203,1,class=hit_event_correlated
uvm_p5_perf_collector_test,uvm_p5_perf_collector,FULL_L1,IFETCH_REQ_TO_RSP,core_monitor,800000d8,1204,1205,1,class=hit_event_correlated
uvm_p5_perf_collector_test,uvm_p5_perf_collector,FULL_L1,IFETCH_REQ_TO_RSP,core_monitor,800000dc,1206,1207,1,class=hit_event_correlated
uvm_p5_perf_collector_test,uvm_p5_perf_collector,FULL_L1,LOAD_REQ_TO_RSP,core_monitor,00001004,1205,1208,3,class=hit_event_correlated
uvm_p5_perf_collector_test,uvm_p5_perf_collector,FULL_L1,LOAD_REQ_TO_RSP,core_monitor,00001008,1210,1213,3,class=hit_event_correlated
uvm_p5_perf_collector_test,uvm_p5_perf_collector,FULL_L1,MEM_READ_REQ_TO_RSP,mem_monitor_icache,800000e0,1209,1251,42,icache_read
uvm_p5_perf_collector_test,uvm_p5_perf_collector,FULL_L1,IFETCH_REQ_TO_RSP,core_monitor,800000e0,1208,1251,43,class=miss_event_correlated
uvm_p5_perf_collector_test,uvm_p5_perf_collector,FULL_L1,IFETCH_REQ_TO_RSP,core_monitor,800000e4,1252,1253,1,class=hit_event_correlated
uvm_p5_perf_collector_test,uvm_p5_perf_collector,FULL_L1,IFETCH_REQ_TO_RSP,core_monitor,800000e8,1254,1255,1,class=hit_event_correlated
uvm_p5_perf_collector_test,uvm_p5_perf_collector,FULL_L1,IFETCH_REQ_TO_RSP,core_monitor,800000ec,1256,1257,1,class=hit_event_correlated
uvm_p5_perf_collector_test,uvm_p5_perf_collector,FULL_L1,LOAD_REQ_TO_RSP,core_monitor,0000100c,1255,1258,3,class=hit_event_correlated
uvm_p5_perf_collector_test,uvm_p5_perf_collector,FULL_L1,LOAD_REQ_TO_RSP,core_monitor,00001000,1260,1263,3,class=hit_event_correlated
uvm_p5_perf_collector_test,uvm_p5_perf_collector,FULL_L1,MEM_READ_REQ_TO_RSP,mem_monitor_icache,800000f0,1259,1301,42,icache_read
uvm_p5_perf_collector_test,uvm_p5_perf_collector,FULL_L1,IFETCH_REQ_TO_RSP,core_monitor,800000f0,1258,1301,43,class=miss_event_correlated
uvm_p5_perf_collector_test,uvm_p5_perf_collector,FULL_L1,IFETCH_REQ_TO_RSP,core_monitor,800000f4,1302,1303,1,class=hit_event_correlated
uvm_p5_perf_collector_test,uvm_p5_perf_collector,FULL_L1,IFETCH_REQ_TO_RSP,core_monitor,800000f8,1304,1305,1,class=hit_event_correlated
uvm_p5_perf_collector_test,uvm_p5_perf_collector,FULL_L1,IFETCH_REQ_TO_RSP,core_monitor,800000fc,1306,1307,1,class=hit_event_correlated
uvm_p5_perf_collector_test,uvm_p5_perf_collector,FULL_L1,LOAD_REQ_TO_RSP,core_monitor,00001004,1305,1308,3,class=hit_event_correlated
uvm_p5_perf_collector_test,uvm_p5_perf_collector,FULL_L1,LOAD_REQ_TO_RSP,core_monitor,00001008,1310,1313,3,class=hit_event_correlated
uvm_p5_perf_collector_test,uvm_p5_perf_collector,FULL_L1,MEM_READ_REQ_TO_RSP,mem_monitor_icache,80000100,1309,1351,42,icache_read
uvm_p5_perf_collector_test,uvm_p5_perf_collector,FULL_L1,IFETCH_REQ_TO_RSP,core_monitor,80000100,1308,1351,43,class=miss_event_correlated
uvm_p5_perf_collector_test,uvm_p5_perf_collector,FULL_L1,IFETCH_REQ_TO_RSP,core_monitor,80000104,1352,1353,1,class=hit_event_correlated
uvm_p5_perf_collector_test,uvm_p5_perf_collector,FULL_L1,IFETCH_REQ_TO_RSP,core_monitor,80000108,1354,1355,1,class=hit_event_correlated
uvm_p5_perf_collector_test,uvm_p5_perf_collector,FULL_L1,IFETCH_REQ_TO_RSP,core_monitor,8000010c,1356,1357,1,class=hit_event_correlated
uvm_p5_perf_collector_test,uvm_p5_perf_collector,FULL_L1,LOAD_REQ_TO_RSP,core_monitor,0000100c,1355,1358,3,class=hit_event_correlated
uvm_p5_perf_collector_test,uvm_p5_perf_collector,FULL_L1,LOAD_REQ_TO_RSP,core_monitor,00001000,1360,1363,3,class=hit_event_correlated
uvm_p5_perf_collector_test,uvm_p5_perf_collector,FULL_L1,MEM_READ_REQ_TO_RSP,mem_monitor_icache,80000110,1359,1401,42,icache_read
uvm_p5_perf_collector_test,uvm_p5_perf_collector,FULL_L1,IFETCH_REQ_TO_RSP,core_monitor,80000110,1358,1401,43,class=miss_event_correlated
uvm_p5_perf_collector_test,uvm_p5_perf_collector,FULL_L1,IFETCH_REQ_TO_RSP,core_monitor,80000114,1402,1403,1,class=hit_event_correlated
uvm_p5_perf_collector_test,uvm_p5_perf_collector,FULL_L1,IFETCH_REQ_TO_RSP,core_monitor,80000118,1404,1405,1,class=hit_event_correlated
uvm_p5_perf_collector_test,uvm_p5_perf_collector,FULL_L1,IFETCH_REQ_TO_RSP,core_monitor,8000011c,1406,1407,1,class=hit_event_correlated
uvm_p5_perf_collector_test,uvm_p5_perf_collector,FULL_L1,LOAD_REQ_TO_RSP,core_monitor,00001004,1405,1408,3,class=hit_event_correlated
uvm_p5_perf_collector_test,uvm_p5_perf_collector,FULL_L1,LOAD_REQ_TO_RSP,core_monitor,00001008,1410,1413,3,class=hit_event_correlated
uvm_p5_perf_collector_test,uvm_p5_perf_collector,FULL_L1,MEM_READ_REQ_TO_RSP,mem_monitor_icache,80000120,1409,1451,42,icache_read
uvm_p5_perf_collector_test,uvm_p5_perf_collector,FULL_L1,IFETCH_REQ_TO_RSP,core_monitor,80000120,1408,1451,43,class=miss_event_correlated
uvm_p5_perf_collector_test,uvm_p5_perf_collector,FULL_L1,IFETCH_REQ_TO_RSP,core_monitor,80000124,1452,1453,1,class=hit_event_correlated
uvm_p5_perf_collector_test,uvm_p5_perf_collector,FULL_L1,IFETCH_REQ_TO_RSP,core_monitor,80000128,1454,1455,1,class=hit_event_correlated
uvm_p5_perf_collector_test,uvm_p5_perf_collector,FULL_L1,IFETCH_REQ_TO_RSP,core_monitor,8000012c,1456,1457,1,class=hit_event_correlated
uvm_p5_perf_collector_test,uvm_p5_perf_collector,FULL_L1,LOAD_REQ_TO_RSP,core_monitor,0000100c,1455,1458,3,class=hit_event_correlated
uvm_p5_perf_collector_test,uvm_p5_perf_collector,FULL_L1,MEM_READ_REQ_TO_RSP,mem_monitor_icache,80000130,1459,1501,42,icache_read
uvm_p5_perf_collector_test,uvm_p5_perf_collector,FULL_L1,IFETCH_REQ_TO_RSP,core_monitor,80000130,1458,1501,43,class=miss_event_correlated
uvm_p5_perf_collector_test,uvm_p5_perf_collector,FULL_L1,IFETCH_REQ_TO_RSP,core_monitor,80000134,1502,1503,1,class=hit_event_correlated
uvm_p5_perf_collector_test,uvm_p5_perf_collector,FULL_L1,IFETCH_REQ_TO_RSP,core_monitor,80000138,1504,1505,1,class=hit_event_correlated
uvm_p5_perf_collector_test,uvm_p5_perf_collector,FULL_L1,STORE_HIT_TO_DIRTY_UPDATE,dcache_monitor,00001000,1503,1506,3,store_completion=dirty_update_event
uvm_p5_perf_collector_test,uvm_p5_perf_collector,FULL_L1,IFETCH_REQ_TO_RSP,core_monitor,8000013c,1506,1507,1,class=hit_event_correlated
uvm_p5_perf_collector_test,uvm_p5_perf_collector,FULL_L1,MEM_READ_REQ_TO_RSP,mem_monitor_icache,80000140,1509,1551,42,icache_read
uvm_p5_perf_collector_test,uvm_p5_perf_collector,FULL_L1,IFETCH_REQ_TO_RSP,core_monitor,80000140,1508,1551,43,class=miss_event_correlated
uvm_p5_perf_collector_test,uvm_p5_perf_collector,FULL_L1,IFETCH_REQ_TO_RSP,core_monitor,80000144,1552,1553,1,class=hit_event_correlated
uvm_p5_perf_collector_test,uvm_p5_perf_collector,FULL_L1,IFETCH_REQ_TO_RSP,core_monitor,80000148,1554,1555,1,class=hit_event_correlated
uvm_p5_perf_collector_test,uvm_p5_perf_collector,FULL_L1,IFETCH_REQ_TO_RSP,core_monitor,8000014c,1556,1557,1,class=hit_event_correlated
uvm_p5_perf_collector_test,uvm_p5_perf_collector,FULL_L1,LOAD_REQ_TO_RSP,core_monitor,00001000,1557,1560,3,class=hit_event_correlated
uvm_p5_perf_collector_test,uvm_p5_perf_collector,FULL_L1,LOAD_REQ_TO_RSP,core_monitor,00001004,1562,1565,3,class=hit_event_correlated
uvm_p5_perf_collector_test,uvm_p5_perf_collector,FULL_L1,MEM_READ_REQ_TO_RSP,mem_monitor_icache,80000150,1559,1601,42,icache_read
uvm_p5_perf_collector_test,uvm_p5_perf_collector,FULL_L1,IFETCH_REQ_TO_RSP,core_monitor,80000150,1558,1601,43,class=miss_event_correlated
uvm_p5_perf_collector_test,uvm_p5_perf_collector,FULL_L1,IFETCH_REQ_TO_RSP,core_monitor,80000154,1602,1603,1,class=hit_event_correlated
uvm_p5_perf_collector_test,uvm_p5_perf_collector,FULL_L1,IFETCH_REQ_TO_RSP,core_monitor,80000158,1604,1605,1,class=hit_event_correlated
uvm_p5_perf_collector_test,uvm_p5_perf_collector,FULL_L1,IFETCH_REQ_TO_RSP,core_monitor,8000015c,1606,1607,1,class=hit_event_correlated
uvm_p5_perf_collector_test,uvm_p5_perf_collector,FULL_L1,LOAD_REQ_TO_RSP,core_monitor,00001008,1605,1608,3,class=hit_event_correlated
uvm_p5_perf_collector_test,uvm_p5_perf_collector,FULL_L1,MEM_READ_REQ_TO_RSP,mem_monitor_icache,80000160,1609,1651,42,icache_read
uvm_p5_perf_collector_test,uvm_p5_perf_collector,FULL_L1,IFETCH_REQ_TO_RSP,core_monitor,80000160,1608,1651,43,class=miss_event_correlated
uvm_p5_perf_collector_test,uvm_p5_perf_collector,FULL_L1,IFETCH_REQ_TO_RSP,core_monitor,80000164,1652,1653,1,class=hit_event_correlated
uvm_p5_perf_collector_test,uvm_p5_perf_collector,FULL_L1,IFETCH_REQ_TO_RSP,core_monitor,80000168,1654,1655,1,class=hit_event_correlated
uvm_p5_perf_collector_test,uvm_p5_perf_collector,FULL_L1,IFETCH_REQ_TO_RSP,core_monitor,8000016c,1656,1657,1,class=hit_event_correlated
uvm_p5_perf_collector_test,uvm_p5_perf_collector,FULL_L1,MEM_READ_REQ_TO_RSP,mem_monitor_icache,80000170,1659,1701,42,icache_read
uvm_p5_perf_collector_test,uvm_p5_perf_collector,FULL_L1,IFETCH_REQ_TO_RSP,core_monitor,80000170,1658,1701,43,class=miss_event_correlated
uvm_p5_perf_collector_test,uvm_p5_perf_collector,FULL_L1,IFETCH_REQ_TO_RSP,core_monitor,80000174,1702,1703,1,class=hit_event_correlated
uvm_p5_perf_collector_test,uvm_p5_perf_collector,FULL_L1,IFETCH_REQ_TO_RSP,core_monitor,80000178,1704,1705,1,class=hit_event_correlated
uvm_p5_perf_collector_test,uvm_p5_perf_collector,FULL_L1,IFETCH_REQ_TO_RSP,core_monitor,8000017c,1706,1707,1,class=hit_event_correlated
uvm_p5_perf_collector_test,uvm_p5_perf_collector,FULL_L1,MEM_READ_REQ_TO_RSP,mem_monitor_icache,80000180,1709,1751,42,icache_read
uvm_p5_perf_collector_test,uvm_p5_perf_collector,FULL_L1,IFETCH_REQ_TO_RSP,core_monitor,80000180,1708,1751,43,class=miss_event_correlated
uvm_p5_perf_collector_test,uvm_p5_perf_collector,FULL_L1,IFETCH_REQ_TO_RSP,core_monitor,80000184,1752,1753,1,class=hit_event_correlated
uvm_p5_perf_collector_test,uvm_p5_perf_collector,FULL_L1,IFETCH_REQ_TO_RSP,core_monitor,80000188,1754,1755,1,class=hit_event_correlated
uvm_p5_perf_collector_test,uvm_p5_perf_collector,FULL_L1,IFETCH_REQ_TO_RSP,core_monitor,8000018c,1756,1757,1,class=hit_event_correlated
uvm_p5_perf_collector_test,uvm_p5_perf_collector,FULL_L1,LOAD_REQ_TO_RSP,core_monitor,00001000,1759,1762,3,class=hit_event_correlated
uvm_p5_perf_collector_test,uvm_p5_perf_collector,FULL_L1,MEM_READ_REQ_TO_RSP,mem_monitor_icache,80000190,1759,1801,42,icache_read
uvm_p5_perf_collector_test,uvm_p5_perf_collector,FULL_L1,IFETCH_REQ_TO_RSP,core_monitor,80000190,1758,1801,43,class=miss_event_correlated
uvm_p5_perf_collector_test,uvm_p5_perf_collector,FULL_L1,IFETCH_REQ_TO_RSP,core_monitor,80000194,1802,1803,1,class=hit_event_correlated
uvm_p5_perf_collector_test,uvm_p5_perf_collector,FULL_L1,IFETCH_REQ_TO_RSP,core_monitor,80000198,1804,1805,1,class=hit_event_correlated
uvm_p5_perf_collector_test,uvm_p5_perf_collector,FULL_L1,IFETCH_REQ_TO_RSP,core_monitor,8000019c,1806,1807,1,class=hit_event_correlated
uvm_p5_perf_collector_test,uvm_p5_perf_collector,FULL_L1,MEM_READ_REQ_TO_RSP,mem_monitor_icache,800001a0,1809,1851,42,icache_read
uvm_p5_perf_collector_test,uvm_p5_perf_collector,FULL_L1,IFETCH_REQ_TO_RSP,core_monitor,800001a0,1808,1851,43,class=miss_event_correlated
uvm_p5_perf_collector_test,uvm_p5_perf_collector,FULL_L1,IFETCH_REQ_TO_RSP,core_monitor,800001a4,1852,1853,1,class=hit_event_correlated
uvm_p5_perf_collector_test,uvm_p5_perf_collector,FULL_L1,MEM_READ_REQ_TO_LAST_RSP,mem_monitor_dcache,00001100,1852,1894,42,dcache_read_last
uvm_p5_perf_collector_test,uvm_p5_perf_collector,FULL_L1,LOAD_REQ_TO_RSP,core_monitor,00001100,1809,1896,87,class=miss_event_correlated
uvm_p5_perf_collector_test,uvm_p5_perf_collector,FULL_L1,IFETCH_REQ_TO_RSP,core_monitor,800001a8,1897,1898,1,class=hit_event_correlated
uvm_p5_perf_collector_test,uvm_p5_perf_collector,FULL_L1,IFETCH_REQ_TO_RSP,core_monitor,800001ac,1899,1900,1,class=hit_event_correlated
uvm_p5_perf_collector_test,uvm_p5_perf_collector,FULL_L1,STORE_HIT_TO_DIRTY_UPDATE,dcache_monitor,00001004,1508,1901,393,store_completion=dirty_update_event
uvm_p5_perf_collector_test,uvm_p5_perf_collector,FULL_L1,IFETCH_REQ_TO_RSP,core_monitor,800001b0,1901,1944,43,class=miss_event_correlated
uvm_p5_perf_collector_test,uvm_p5_perf_collector,FULL_L1,MEM_READ_REQ_TO_RSP,mem_monitor_icache,800001b0,1902,1944,42,icache_read
uvm_p5_perf_collector_test,uvm_p5_perf_collector,FULL_L1,IFETCH_REQ_TO_RSP,core_monitor,800001b4,1945,1946,1,class=hit_event_correlated
uvm_p5_perf_collector_test,uvm_p5_perf_collector,FULL_L1,MEM_READ_REQ_TO_LAST_RSP,mem_monitor_dcache,00001200,1945,1987,42,dcache_read_last
uvm_p5_perf_collector_test,uvm_p5_perf_collector,FULL_L1,LOAD_REQ_TO_RSP,core_monitor,00001200,1902,1989,87,class=miss_event_correlated
uvm_p5_perf_collector_test,uvm_p5_perf_collector,FULL_L1,IFETCH_REQ_TO_RSP,core_monitor,800001b8,1990,1991,1,class=hit_event_correlated
uvm_p5_perf_collector_test,uvm_p5_perf_collector,FULL_L1,STORE_HIT_TO_DIRTY_UPDATE,dcache_monitor,00001008,1553,1993,440,store_completion=dirty_update_event
uvm_p5_perf_collector_test,uvm_p5_perf_collector,FULL_L1,IFETCH_REQ_TO_RSP,core_monitor,800001bc,1992,1993,1,class=hit_event_correlated
uvm_p5_perf_collector_test,uvm_p5_perf_collector,FULL_L1,DIRTY_VBUF_WRITEBACK_START_TO_DONE,dcache_monitor,00001000,1909,2074,165,dirty_vbuf_writeback
uvm_p5_perf_collector_test,uvm_p5_perf_collector,FULL_L1,MEM_WRITE_ADDR_DATA_TO_RSP,mem_monitor_dcache,00001000,1992,2074,82,store_latency=N/A_core_completion_not_defined
uvm_p5_perf_collector_test,uvm_p5_perf_collector,FULL_L1,MEM_READ_REQ_TO_LAST_RSP,mem_monitor_dcache,00001300,2083,2125,42,dcache_read_last
uvm_p5_perf_collector_test,uvm_p5_perf_collector,FULL_L1,LOAD_REQ_TO_RSP,core_monitor,00001300,1994,2127,133,class=miss_event_correlated
uvm_p5_perf_collector_test,uvm_p5_perf_collector,FULL_L1,MEM_READ_REQ_TO_RSP,mem_monitor_icache,800001c0,2129,2171,42,icache_read
uvm_p5_perf_collector_test,uvm_p5_perf_collector,FULL_L1,IFETCH_REQ_TO_RSP,core_monitor,800001c0,2128,2171,43,class=miss_event_correlated
uvm_p5_perf_collector_test,uvm_p5_perf_collector,FULL_L1,IFETCH_REQ_TO_RSP,core_monitor,800001c4,2172,2173,1,class=hit_event_correlated
uvm_p5_perf_collector_test,uvm_p5_perf_collector,FULL_L1,MEM_WRITE_ADDR_DATA_TO_RSP,mem_monitor_dcache,00001100,2173,2255,82,store_latency=N/A_core_completion_not_defined
uvm_p5_perf_collector_test,uvm_p5_perf_collector,FULL_L1,DIRTY_VBUF_WRITEBACK_START_TO_DONE,dcache_monitor,00001100,2081,2255,174,dirty_vbuf_writeback
uvm_p5_perf_collector_test,uvm_p5_perf_collector,FULL_L1,MEM_READ_REQ_TO_LAST_RSP,mem_monitor_dcache,00001000,2264,2306,42,dcache_read_last
uvm_p5_perf_collector_test,uvm_p5_perf_collector,FULL_L1,LOAD_REQ_TO_RSP,core_monitor,00001000,2129,2308,179,class=miss_event_correlated
uvm_p5_perf_collector_test,uvm_p5_perf_collector,FULL_L1,IFETCH_REQ_TO_RSP,core_monitor,800001c8,2309,2310,1,class=hit_event_correlated
uvm_p5_perf_collector_test,uvm_p5_perf_collector,FULL_L1,IFETCH_REQ_TO_RSP,core_monitor,800001cc,2311,2312,1,class=hit_event_correlated
uvm_p5_perf_collector_test,uvm_p5_perf_collector,FULL_L1,IFETCH_REQ_TO_RSP,core_monitor,800001d0,2313,2356,43,class=miss_event_correlated
uvm_p5_perf_collector_test,uvm_p5_perf_collector,FULL_L1,MEM_READ_REQ_TO_RSP,mem_monitor_icache,800001d0,2314,2356,42,icache_read
uvm_p5_perf_collector_test,uvm_p5_perf_collector,FULL_L1,IFETCH_REQ_TO_RSP,core_monitor,800001d4,2357,2358,1,class=hit_event_correlated
uvm_p5_perf_collector_test,uvm_p5_perf_collector,FULL_L1,DIRTY_VBUF_WRITEBACK_START_TO_DONE,dcache_monitor,00001200,2262,2440,178,dirty_vbuf_writeback
uvm_p5_perf_collector_test,uvm_p5_perf_collector,FULL_L1,MEM_WRITE_ADDR_DATA_TO_RSP,mem_monitor_dcache,00001200,2358,2440,82,store_latency=N/A_core_completion_not_defined
uvm_p5_perf_collector_test,uvm_p5_perf_collector,FULL_L1,STORE_MISS_TO_REFILL_LAST_RSP,dcache_monitor,00001401,2316,2483,167,store_miss_refill=write_miss_event_to_dcache_read_last
uvm_p5_perf_collector_test,uvm_p5_perf_collector,FULL_L1,MEM_READ_REQ_TO_LAST_RSP,mem_monitor_dcache,00001400,2441,2483,42,dcache_read_last
uvm_p5_perf_collector_test,uvm_p5_perf_collector,FULL_L1,IFETCH_REQ_TO_RSP,core_monitor,800001d8,2486,2487,1,class=hit_event_correlated
uvm_p5_perf_collector_test,uvm_p5_perf_collector,FULL_L1,IFETCH_REQ_TO_RSP,core_monitor,800001dc,2488,2489,1,class=hit_event_correlated
uvm_p5_perf_collector_test,uvm_p5_perf_collector,FULL_L1,MEM_READ_REQ_TO_RSP,mem_monitor_icache,800001e0,2491,2533,42,icache_read
uvm_p5_perf_collector_test,uvm_p5_perf_collector,FULL_L1,IFETCH_REQ_TO_RSP,core_monitor,800001e0,2490,2533,43,class=miss_event_correlated
uvm_p5_perf_collector_test,uvm_p5_perf_collector,FULL_L1,IFETCH_REQ_TO_RSP,core_monitor,800001e4,2534,2535,1,class=hit_event_correlated
uvm_p5_perf_collector_test,uvm_p5_perf_collector,FULL_L1,IFETCH_REQ_TO_RSP,core_monitor,800001e8,2536,2537,1,class=hit_event_correlated
uvm_p5_perf_collector_test,uvm_p5_perf_collector,FULL_L1,IFETCH_REQ_TO_RSP,core_monitor,800001ec,2538,2539,1,class=hit_event_correlated
uvm_p5_perf_collector_test,uvm_p5_perf_collector,FULL_L1,LOAD_REQ_TO_RSP,core_monitor,00001400,2541,2544,3,class=miss_event_correlated
uvm_p5_perf_collector_test,uvm_p5_perf_collector,FULL_L1,MEM_READ_REQ_TO_RSP,mem_monitor_icache,800001f0,2541,2583,42,icache_read
uvm_p5_perf_collector_test,uvm_p5_perf_collector,FULL_L1,IFETCH_REQ_TO_RSP,core_monitor,800001f0,2540,2583,43,class=miss_event_correlated
uvm_p5_perf_collector_test,uvm_p5_perf_collector,FULL_L1,IFETCH_REQ_TO_RSP,core_monitor,800001f4,2584,2585,1,class=hit_event_correlated
uvm_p5_perf_collector_test,uvm_p5_perf_collector,FULL_L1,IFETCH_REQ_TO_RSP,core_monitor,800001f8,2586,2587,1,class=hit_event_correlated
uvm_p5_perf_collector_test,uvm_p5_perf_collector,FULL_L1,LOAD_REQ_TO_RSP,core_monitor,00001404,2585,2588,3,class=hit_event_correlated
uvm_p5_perf_collector_test,uvm_p5_perf_collector,FULL_L1,IFETCH_REQ_TO_RSP,core_monitor,800001fc,2588,2589,1,class=hit_event_correlated
uvm_p5_perf_collector_test,uvm_p5_perf_collector,FULL_L1,LOAD_REQ_TO_RSP,core_monitor,00001408,2590,2593,3,class=hit_event_correlated
uvm_p5_perf_collector_test,uvm_p5_perf_collector,FULL_L1,MEM_READ_REQ_TO_RSP,mem_monitor_icache,80000200,2591,2633,42,icache_read
uvm_p5_perf_collector_test,uvm_p5_perf_collector,FULL_L1,IFETCH_REQ_TO_RSP,core_monitor,80000200,2590,2633,43,class=miss_event_correlated
uvm_p5_perf_collector_test,uvm_p5_perf_collector,FULL_L1,IFETCH_REQ_TO_RSP,core_monitor,80000204,2634,2635,1,class=hit_event_correlated
uvm_p5_perf_collector_test,uvm_p5_perf_collector,FULL_L1,IFETCH_REQ_TO_RSP,core_monitor,80000208,2636,2637,1,class=hit_event_correlated
uvm_p5_perf_collector_test,uvm_p5_perf_collector,FULL_L1,LOAD_REQ_TO_RSP,core_monitor,0000140c,2635,2638,3,class=hit_event_correlated
uvm_p5_perf_collector_test,uvm_p5_perf_collector,FULL_L1,IFETCH_REQ_TO_RSP,core_monitor,8000020c,2638,2639,1,class=hit_event_correlated
uvm_p5_perf_collector_test,uvm_p5_perf_collector,FULL_L1,MEM_READ_REQ_TO_RSP,mem_monitor_icache,80000210,2641,2683,42,icache_read
uvm_p5_perf_collector_test,uvm_p5_perf_collector,FULL_L1,IFETCH_REQ_TO_RSP,core_monitor,80000210,2640,2683,43,class=miss_event_correlated
uvm_p5_perf_collector_test,uvm_p5_perf_collector,FULL_L1,IFETCH_REQ_TO_RSP,core_monitor,80000214,2684,2685,1,class=hit_event_correlated
uvm_p5_perf_collector_test,uvm_p5_perf_collector,FULL_L1,IFETCH_REQ_TO_RSP,core_monitor,80000218,2686,2687,1,class=hit_event_correlated
uvm_p5_perf_collector_test,uvm_p5_perf_collector,FULL_L1,IFETCH_REQ_TO_RSP,core_monitor,8000021c,2688,2689,1,class=hit_event_correlated
uvm_p5_perf_collector_test,uvm_p5_perf_collector,FULL_L1,MEM_READ_REQ_TO_RSP,mem_monitor_icache,80000220,2691,2733,42,icache_read
uvm_p5_perf_collector_test,uvm_p5_perf_collector,FULL_L1,IFETCH_REQ_TO_RSP,core_monitor,80000220,2690,2733,43,class=miss_event_correlated
uvm_p5_perf_collector_test,uvm_p5_perf_collector,FULL_L1,IFETCH_REQ_TO_RSP,core_monitor,80000224,2734,2735,1,class=hit_event_correlated
uvm_p5_perf_collector_test,uvm_p5_perf_collector,FULL_L1,IFETCH_REQ_TO_RSP,core_monitor,80000228,2736,2737,1,class=hit_event_correlated
uvm_p5_perf_collector_test,uvm_p5_perf_collector,FULL_L1,IFETCH_REQ_TO_RSP,core_monitor,8000022c,2738,2739,1,class=hit_event_correlated
uvm_p5_perf_collector_test,uvm_p5_perf_collector,FULL_L1,LOAD_REQ_TO_RSP,core_monitor,00001000,2739,2742,3,class=hit_event_correlated
uvm_p5_perf_collector_test,uvm_p5_perf_collector,FULL_L1,MEM_READ_REQ_TO_RSP,mem_monitor_icache,80000230,2741,2783,42,icache_read
uvm_p5_perf_collector_test,uvm_p5_perf_collector,FULL_L1,IFETCH_REQ_TO_RSP,core_monitor,80000230,2740,2783,43,class=miss_event_correlated
uvm_p5_perf_collector_test,uvm_p5_perf_collector,FULL_L1,IFETCH_REQ_TO_RSP,core_monitor,80000234,2784,2785,1,class=hit_event_correlated
uvm_p5_perf_collector_test,uvm_p5_perf_collector,FULL_L1,IFETCH_REQ_TO_RSP,core_monitor,80000238,2786,2787,1,class=hit_event_correlated
uvm_p5_perf_collector_test,uvm_p5_perf_collector,FULL_L1,IFETCH_REQ_TO_RSP,core_monitor,8000023c,2788,2789,1,class=hit_event_correlated
uvm_p5_perf_collector_test,uvm_p5_perf_collector,FULL_L1,MEM_READ_REQ_TO_LAST_RSP,mem_monitor_dcache,00001010,2789,2831,42,dcache_read_last
uvm_p5_perf_collector_test,uvm_p5_perf_collector,FULL_L1,LOAD_REQ_TO_RSP,core_monitor,00001010,2785,2833,48,class=miss_event_correlated
uvm_p5_perf_collector_test,uvm_p5_perf_collector,FULL_L1,MEM_READ_REQ_TO_RSP,mem_monitor_icache,80000240,2835,2877,42,icache_read
uvm_p5_perf_collector_test,uvm_p5_perf_collector,FULL_L1,IFETCH_REQ_TO_RSP,core_monitor,80000240,2834,2877,43,class=miss_event_correlated
uvm_p5_perf_collector_test,uvm_p5_perf_collector,FULL_L1,IFETCH_REQ_TO_RSP,core_monitor,80000244,2878,2879,1,class=hit_event_correlated
uvm_p5_perf_collector_test,uvm_p5_perf_collector,FULL_L1,MEM_READ_REQ_TO_LAST_RSP,mem_monitor_dcache,00001020,2878,2920,42,dcache_read_last
uvm_p5_perf_collector_test,uvm_p5_perf_collector,FULL_L1,LOAD_REQ_TO_RSP,core_monitor,00001020,2835,2922,87,class=miss_event_correlated
uvm_p5_perf_collector_test,uvm_p5_perf_collector,FULL_L1,IFETCH_REQ_TO_RSP,core_monitor,80000248,2923,2924,1,class=hit_event_correlated
uvm_p5_perf_collector_test,uvm_p5_perf_collector,FULL_L1,IFETCH_REQ_TO_RSP,core_monitor,8000024c,2925,2926,1,class=hit_event_correlated
uvm_p5_perf_collector_test,uvm_p5_perf_collector,FULL_L1,MEM_READ_REQ_TO_LAST_RSP,mem_monitor_dcache,00001100,2933,2975,42,dcache_read_last
uvm_p5_perf_collector_test,uvm_p5_perf_collector,FULL_L1,LOAD_REQ_TO_RSP,core_monitor,00001100,2924,2977,53,class=miss_event_correlated
uvm_p5_perf_collector_test,uvm_p5_perf_collector,FULL_L1,MEM_READ_REQ_TO_RSP,mem_monitor_icache,80000250,2979,3021,42,icache_read
uvm_p5_perf_collector_test,uvm_p5_perf_collector,FULL_L1,IFETCH_REQ_TO_RSP,core_monitor,80000250,2978,3021,43,class=miss_event_correlated
uvm_p5_perf_collector_test,uvm_p5_perf_collector,FULL_L1,IFETCH_REQ_TO_RSP,core_monitor,80000254,3022,3023,1,class=hit_event_correlated
uvm_p5_perf_collector_test,uvm_p5_perf_collector,FULL_L1,MEM_WRITE_ADDR_DATA_TO_RSP,mem_monitor_dcache,00001400,3023,3105,82,store_latency=N/A_core_completion_not_defined
uvm_p5_perf_collector_test,uvm_p5_perf_collector,FULL_L1,DIRTY_VBUF_WRITEBACK_START_TO_DONE,dcache_monitor,00001400,2931,3105,174,dirty_vbuf_writeback
uvm_p5_perf_collector_test,uvm_p5_perf_collector,FULL_L1,MEM_READ_REQ_TO_LAST_RSP,mem_monitor_dcache,00001200,3106,3148,42,dcache_read_last
uvm_p5_perf_collector_test,uvm_p5_perf_collector,FULL_L1,LOAD_REQ_TO_RSP,core_monitor,00001200,2979,3150,171,class=miss_event_correlated
uvm_p5_perf_collector_test,uvm_p5_perf_collector,FULL_L1,IFETCH_REQ_TO_RSP,core_monitor,80000258,3151,3152,1,class=hit_event_correlated
uvm_p5_perf_collector_test,uvm_p5_perf_collector,FULL_L1,IFETCH_REQ_TO_RSP,core_monitor,8000025c,3153,3154,1,class=hit_event_correlated
uvm_p5_perf_collector_test,uvm_p5_perf_collector,FULL_L1,IFETCH_REQ_TO_RSP,core_monitor,80000260,3155,3198,43,class=miss_event_correlated
uvm_p5_perf_collector_test,uvm_p5_perf_collector,FULL_L1,MEM_READ_REQ_TO_RSP,mem_monitor_icache,80000260,3156,3198,42,icache_read
uvm_p5_perf_collector_test,uvm_p5_perf_collector,FULL_L1,IFETCH_REQ_TO_RSP,core_monitor,80000264,3199,3200,1,class=hit_event_correlated
uvm_p5_perf_collector_test,uvm_p5_perf_collector,FULL_L1,STORE_MISS_TO_REFILL_LAST_RSP,dcache_monitor,00003100,3158,3241,83,store_miss_refill=write_miss_event_to_dcache_read_last
uvm_p5_perf_collector_test,uvm_p5_perf_collector,FULL_L1,MEM_READ_REQ_TO_LAST_RSP,mem_monitor_dcache,00003100,3199,3241,42,dcache_read_last
uvm_p5_perf_collector_test,uvm_p5_perf_collector,FULL_L1,IFETCH_REQ_TO_RSP,core_monitor,80000268,3244,3245,1,class=hit_event_correlated
uvm_p5_perf_collector_test,uvm_p5_perf_collector,FULL_L1,IFETCH_REQ_TO_RSP,core_monitor,8000026c,3246,3247,1,class=hit_event_correlated
uvm_p5_perf_collector_test,uvm_p5_perf_collector,FULL_L1,LOAD_REQ_TO_RSP,core_monitor,00003100,3245,3248,3,class=miss_event_correlated
uvm_p5_perf_collector_test,uvm_p5_perf_collector,FULL_L1,MEM_READ_REQ_TO_RSP,mem_monitor_icache,80000270,3249,3291,42,icache_read
uvm_p5_perf_collector_test,uvm_p5_perf_collector,FULL_L1,IFETCH_REQ_TO_RSP,core_monitor,80000270,3248,3291,43,class=miss_event_correlated
uvm_p5_perf_collector_test,uvm_p5_perf_collector,FULL_L1,IFETCH_REQ_TO_RSP,core_monitor,80000274,3292,3293,1,class=hit_event_correlated
uvm_p5_perf_collector_test,uvm_p5_perf_collector,FULL_L1,MEM_READ_REQ_TO_LAST_RSP,mem_monitor_dcache,00001500,3292,3334,42,dcache_read_last
uvm_p5_perf_collector_test,uvm_p5_perf_collector,FULL_L1,LOAD_REQ_TO_RSP,core_monitor,00001502,3250,3336,86,class=miss_event_correlated
uvm_p5_perf_collector_test,uvm_p5_perf_collector,FULL_L1,IFETCH_REQ_TO_RSP,core_monitor,80000278,3338,3339,1,class=hit_event_correlated
uvm_p5_perf_collector_test,uvm_p5_perf_collector,FULL_L1,LOAD_REQ_TO_RSP,core_monitor,00001504,3337,3340,3,class=hit_event_correlated
uvm_p5_perf_collector_test,uvm_p5_perf_collector,FULL_L1,IFETCH_REQ_TO_RSP,core_monitor,8000027c,3341,3342,1,class=hit_event_correlated
uvm_p5_perf_collector_test,uvm_p5_perf_collector,FULL_L1,IFETCH_REQ_TO_RSP,core_monitor,80000280,3343,3386,43,class=miss_event_correlated
uvm_p5_perf_collector_test,uvm_p5_perf_collector,FULL_L1,MEM_READ_REQ_TO_RSP,mem_monitor_icache,80000280,3344,3386,42,icache_read
